Title ID	Region	Name	PKG direct link	zRIF	Content ID	Last Modification Date	File Size	SHA256
NPPA00247	JP	Setp Seq [Unity]	http://zeus.dl.playstation.net/psm/np/NPPA/NPPA00247_00_57F6C27E/1.00/NPPA00247_00.pkg	KO5ifR1dQ3IKmI1FnCTg5WtoYWGs6xcQALTVyMQc5H4DNDCY4sOt5NG0WK+D6b1H/vS3r7i97OQp8XtbraR3+VbMKVb2SZ50XyliVfMe9hvT5ySVHdR4VbnL1tgtyuUl6xuJjS/t50Tcn9BcNKsxas5x8TcTBEOVuQ4cj7RpZrq0MDfl8asXKkuduj+WMj15MolhxcTWxW0KDWVMG3sfZsw6anrBLlhcZulu/fNnd56/Xh9yUPHAWZsCXY8vZhb2AU1Lv/XHnp7DaDs9jaN4Gz/7aStNtYb9/fFbAt5yCfoZ3/o+mdtXetWax9b/Pgq/le5s6Wr3eD/v8vwpmnc/zbna+SZ5/SyTp7c0/17iq5PaJxEQwcOf++SbU6ye+5vji600Xp2oCzBpuL7pzcX6ritvbrJVfFxkc+/Q3y1JnAXzV+rwmEmHlAWXTFr+5WtIy/7dmyd+VY2zuFBw/t3ugjmuZg8znJ8WxnLut/v5K2hSypbXuxZeF+E7w8kzS/equLH5/fY+saT00yrHE7bl/ZXMOaLFuZgtRq3jjMKdwmvSE73/r3V93mDI3W358XqH51wJ6+/7l+bK+N7tSAhjULtjzD1zKpumiJ9s/WtVnyNTDnncbj/556AIdzh3x5VNuzIOPnALkJPlN5HbxeD0kyPEN2Pn7t684wHlmXuae0tKDNbO0c/Ztlb/a3paa17K1rNvIhP7Xlk9+nq98SrPxGNRpiV/9NYIfbeySlyvXvWtZkvbjINChzfWH1jV6LdThJlhhAMAMOYLRgAA	JM1883-NPPA00247_00-0000000000000000		33168816	
NPNA00119	US	Runner	http://zeus.dl.playstation.net/psm/np/NPNA/NPNA00119_00_EC37FD71/1.00/NPNA00119_00.pkg	KO5ifR1dQ3IKmI1FnCQQ6mtgaGGs6xfgB7TV0NAS5H4DNDCY4uOy5AclsSdfPnWsFwpcavS7YcpBpcPVjHlxjhlW52JiLsmqXnu4/PzhP6cX/p+w9D3/o7nzpK9mxU+M8hU5+WZ/xf2frVtbRNPjtiryXHzyJbw3/pLN/4taF9+Gii8IFzNJqZeP+GNU+1i/xnzt/6ICswUHXcXfFu78y7fn9B2ZTV+a021fsd9yzlxcurTnyErLpxk8XrOnazw59T2FN7JbYxu384uGC7ni96IerOz8dGqLE09Dwenq65/UJniYBgec1rJP27UiUO3y1ayQho2PZtozPpg1N1clhbu34/08j1zpdUs8DO+bMXKJ1lZ1rMyR4pgtOkN9/eq767r38UwRPbyS7dCHX1f3djf6bmW1sXo6jeHtZV5Ziy0LRc+/E1p1dNfG+/f3TDa6PCtsarbF7fKbE1Y/8ZM7vuKv9oQNRTNtU2ZvvLTpQfev21piF3fP6ZO2L3JUC7ad2nJ9wwcXvwPsysxP/5uuOaA8sWnBV9HXm2s1skLiH+yIfn55CW/9rhcnYvd+nXVF5bnU09P625Lusy9aMzNC6OPK6ccM+K8v2tDP0CiV9GHnbsM5/je5zr7O1WV/pPDz2lY+zkk7t29fPE+01f6yzPq/T2ddPZe3MdSDy3xV5Xu90y+Us5YV1QU3tObzVhwJ7/Y5nbGjdEbooelHHC/GHhYOn2Z7Z5MbY62UjNFOkV+qlwtsdNn7/9vNLMrzqPwofCV1TiTDCAcA3NUTYgAA	UM0183-NPNA00119_00-0000000000000000		3617728	
NPOA00140	EU	Sola Weather	http://zeus.dl.playstation.net/psm/np/NPOA/NPOA00140_00_CFF4B273/1.04/NPOA00140_00.pkg	KO5ifR1dQ3IKmI1FnCTg6mtgaGiq6xfgD7TV0ATsfgM0MJjiYwPrmoMHb1Zx2t4KX+BUfDaieMpHy6xthz9pPDx0WWfeY6EtKlv3mot9eKnd4bXdbcmltRfWcX65ZHh+dVXJuYlu//LPVTzW+HHyXOjFQy8FXNdmTW4XfrdE3D9G/aBa4JIFNiw/fbdlp3idWe9onXr+yi3mSf//qT0teTDF0FrW84b9D9mfbF+ZdXzu6b27ZSs8t8Fk+w41P760nYv9FHU/HFPNm3bCd2c974+/3VrzTs+6u/nY2QmR90+x6+T6RH9lqtLsqq5gOheX7Py6a6OPa2yO3yy/chPpsEuHn5eIWZ+OYt9+WDXt5B61SRoLin8+ymNvXDB5moH+pVnbl97QMU0Qmbmr2u3JjzdqJ6wMu56ccgopeXVy9TZ2bV+5sugQ+ajJr42+xhgnyHFJqkT4hHGFXmfRvvXG7YOhJ79M9rbZvEn8fYvXt7kVFn//leok4Px75Yf4cOm07d5dk88Iah5PfMHrFDAnaomiwt7W3Vtl9zdObdeQ3j1n6+x55xuNzE9rLzJ+v+ZObxBbmXYNU9emvANHTzJLM8szrZovfTdfLHPRuozlnsk87FsyfnpNzpl25SfX3kt8tYqHhVpXWl+fPqmm8P+5A60f2DevXpU9KW9d7pYS890ORSuYhfJNhKbU7p3+zusG968i5eUaK6XnhJz/yCiz1WuHz/a4xk/LJ7xb5388ZM0Rt+bdwgevbr+24edhk3ZPe2eGEQ4A6a0IEQAA	EM0115-NPOA00140_00-0000000000000000		16996992	
NPNA00116	US	MapCache Offline Maps	http://zeus.dl.playstation.net/psm/np/NPNA/NPNA00116_00_1F098EEC/1.30/NPNA00116_00.pkg	KO5ifR1dQ3IKmI1FnCQQ6mtgaGqg6xfgB7TV0NAM5H4DNDCY4uNhe9zWyRkB7j1tuw6u/Wn+Nv81szpzp8Q71o02i4p58y9Lh7ecu7Cre4/j77dK3tmCVxSMAnpvntTj2PVpRp/xZu1rai5NPT0rNLfPPHbNcf69B2I9yqlatzjy9jAZNClPu3dlwVYe3SoR1nP7n/xd6yPidNYneN/1u866110yrFfMkGjd3H8kuWPifm/7JT+ST+wK6XJPPBajPzku9Szz+nceD6xPK8gvcS3/58Sq8c6JucXQtkZyxVLpjydEhO1Ymi+ft7feXyXU9Eu+NDbRTeBaaW5irRjTs8U3U85rl35Vfyaq8/Ov7Pmnyjr5t0vdeF7Mv9YR2NwR1Lvp6K3CvG7RiY7Z2lt/MBYG23aHBMxPPLLxtOisPZf2aOx4upNl/1PWqNhHs+fbTni1u2rZD77vh4w+xTIbfnxplW6p71xX0Ghz93zaJEmnzQ5ps/n7NgitZD2645P9DNfru06nPJ7l9Sk779HWnEPND+W2B5p8Lc470FuT/3fXh4CF+1488JPRn9ITpzi5Xs1d9QzT9s0LFq0IUOGQ+ubAWh3kFbViir7fpTNnmZU6BIV3eLfGHne5et9mlT6PfWz7ngbWjC1Sjazy37eKCr/NePhBbramufyc77dvmVnJp+56aHKiaqZMQ60ul/5RocJbeRzbhN5k/sm+ucFu6mJJg8OnPNoVb//mXFwdz3Y3MLrkTlQBd8CVux/7N2zexzDCAQC+kgUZ	UM0150-NPNA00116_00-0000000000000000		2586608	
NPOA00285	EU	Saviour Sammie [Unity]	http://zeus.dl.playstation.net/psm/np/NPOA/NPOA00285_00_DE8F7196/1.02/NPOA00285_00.pkg	KO5ifR1dQ3IKmI1FnCTg6mtoaWGg6xfgD7TVyMIU5H4DNDCY4mPis4dJ0jPu6hZU+keYfz+2ZWNNXVoix8M5c4Um6at9StFd1LPNcm1E0vlmnRNW3IqxgUXsv258ssmZfemFoKBBsarnU6Xy8AZ9jozzAfmPIh0OtThdMs55/GraEv9vF44m3HOvCtOUSVz7cYvs9iXOM2J8jpyLMVu7LXPB2wP8wgf/8H2JMU1i3aXD+U3zBcsaEaegL+eXOhXpin9SvDuFc/W8ySqz/X1/7Etn2G3W4hShaK7uMOdioU7jg1PprpmHtSwn5c3n2/V7d2xzTNQlkZvaU/jmdV9yXnd8893eHXwPguZVKJ2Tn9ajIb9dWWntjvnuTF/Xe7crizlO+fI8TX3ZDfVWqfvLWaq3qIfzVDrUnmicPd93abvI0dd3JT5fnaa8TdZa+dbW2/5Bnq+177256SdfVPTZRdvAwctV8Yvc19pLYpl3XjnkdyyTri/7+k/7WsiyN9m6t6r4TmtWMvDzPWDde1LwR5327KNsvYUr7PgW+J+oWVoeMkfg9p61j4/tD927bs/J4pkv/re9LFyt1Puur2OHWgLvzy6egklPp89M2//YXnqvyASWRJEzAnoiIdFreqw/XS66eSjXab5KdtmC2bm7pjoE3trdtsygmmNz5fOrXzWsL21fryS/Prw++dX/qqLAjtInah5rbgq+f3H2eWjXxzKRWr6d4g9k/h2c+8dFoGjh2dmZa+Xr/Nv6PpZ/yzVdrsIwwgEAcWQInwAA	EM1980-NPOA00285_00-0000000000000000		117593440	
NPPA00194	JP	Neck Strike [Unity]	http://zeus.dl.playstation.net/psm/np/NPPA/NPPA00194_00_5EBF02A0/1.00/NPPA00194_00.pkg	KO5ifR1dQ3IKmI1FnCTg5Qt0vomuX0AA0FZDSxOQ+w3QwGCKjwCHye/uT3YxFGkv1Hqzkm3KVFG/raU6W9xtRMqivZ02iW4/fmDTTv9L2kkv3NaXry74aqB2dfKcOr6qAsfilOrcz1+8ey7O3bv0mth//Rdb9sb8Cc/bdavwcGGvwq2Q93Gqi/e/KfyyZOXO4xzWG5KLtj0Uu1hiYV30X2aVZuTivQrBdQ3XEhLtA33SfxR9Uze5YsU//8c7hhI/Ze69a+4fXeBmF/EskG33q7NcZds/5fN7GaZtObi9/UUYe6Cgw8s/uuy8JRu6Xxsq/pDM+ODNePca28wFeWVuboZpgtn1blNcdNz9rU7srnqbHd767eyF1TIm/X+E2zZw6dSKyzypuPno4/XS3/w1rl5Vp085VkT1myxLuf5vkQVXUPvWQp+d2fZrD5VtPW/A2MJtESDaWqjhs971skukUr592Vz137dseeO9b7EkpCX8Fzuwa/MyUz0WhfKC0zcNtXQmL+lKYRHhX9n77/33LdqNHfFrXTn9LDcGaF+uLF5QlXbl322PyqufPB5mX/ry1NPTY/3J63dDWmP/aCSd0QlhTiyNTtDgKmNKPhxb+PtIdOCmAz/DD7DVxs5NanbWOfIjkr91O9eFP/tckvVlTz15tHxqcM7HkwHG9yz+FD9q1xYUPrnfKzhagdt5WXP9zF92CpG1v0qlYipOlK2y6DG3+Jm+c+eLZg79VecYnVWEVrzcv182x1jbK2bdTIYRDgCXFAOG	JM0304-NPPA00194_00-0000000000000000		51135392	
NPNA00252	US	Mussoumano Saving Latifas [Unity]	http://zeus.dl.playstation.net/psm/np/NPNA/NPNA00252_00_E27E8D5B/1.00/NPNA00252_00.pkg	KO5ifR1dQ3IKmI1FnCQQ6mtsZmCh6xfgB7TVyNQI5H4DNDCY4qM2TSHzaIhmhXNOd3O9UT3Dh/kmFRyhAldaL/9VTDR49qLr6OnWxIAwlt+i5pxdMlaiB7aobWRf4/Fl2oc3PZfzRC8kRefl+b6JsDq75XtrtoT3JCeRM6vF8uT0Xknz3jLo5H57fNvuFd2ZawIa5V9OFY3irZbIXK9eXpUpF7Q+hO+qv/STmiNpvSJPOYIM2X4LMATmxeS179kS84hTYWGr+9mU06qvd9+6tct/k5Zy90uOKBfWI6Fhrjc2LXi1auW6dF2VHeKZaT8Oq/DMTXj7IVjX7Ovzg+fLT3E+1F18qb9E/rV2QMT+V+Kce3/o75Ssb9ufNPeLsnRbxC2O1b8ypjIVT+Kv7Jl+/4NW+xeusF+m7zxfxHrX6S4TsnlyMfbaZ963x8qEmicZbbqbdb6AMbplhopd2pW5i/vvKoRHGbyLUFn0+vOX2uubFdf4N0+x2MN5wYPr/WTXx7J3BTfz8q8+7NFY7iwpuia7cZPp0x7lqvUbXq8Lelr4fZa8YD/r4lkxG3O9k/5WvDs/f4Zq3Z7TvgFOUd7KDPWf7C5a8/wO3x/y6/7L3xouXlOua0me//g/3vSDZBNbT2jNVcnSJ7wPd/R3PbmoV376wxSLTTcVL2XfmxkZzv185b/ESWIa+/z5tDnOyTAl3rU9tfbgloDqnZPtzh8ru+sktIu3bvZRp00Gcsbsp3LjqnuZOgv9Uk1e6BsZTtzLMMIBAB0ZAxIA	UM3608-NPNA00252_00-0000000000000000		99494816	
NPNA00220	US	Galactic Junk [Unity]	http://zeus.dl.playstation.net/psm/np/NPNA/NPNA00220_00_8715743D/1.04/NPNA00220_00.pkg	KO5ifR1dQ3IKmI1FnCQQ6mtsZmSu6xfgB7TVyAjsfgM0MJjiw3LrlYyl4cFbDCPEIrpuz/moVHr45sZrDF5Npx8aaUR3iU5bppGh2WPXfnblwqXVd0vfpZvw/PtVd2NC7NW0ru79Zr1pU1R11O88Lr+30eNndJFLtMeJDcL3vjraJey/sOpwnlRI759+gcuNWcrHN71t2Jz/z7g8UrNEqtpM1KXo7YVXas22S99FaXH9P/B89bRLy43EJs/6KsigoZ986MdVeb7Q8OT4ZX65mpJLxOIE29VlWDs6ju+T4mP1Onck013U8qFMn8PVMFGfOw8mir7giFJ7eodnqyZTQFiV7YxzxUGG+RW+1//VrX57b9OjVzdCO+7cXZklP0NtZv3Vr+rm1wQWNp3omV3Rp+Cba+V/dH+LQHs528PAVLWkTSdTNzmfiBPk84rZlbn4Svh6pZWaaTuOK7qmW+gJPXIQu3NGf88zPuabW3dx7nJ54XM2etXPql0PRflVVkzndzlVZXD5y+qjFp2fw8qftXHc3hqZ4bDrSNPSnzw3PG4+dy6YZZLfljjtU4Ab/8YFWv9n3nqfF/Nyj9Efp6lJlkw3rE69+i/z9PaX/rYZMYp7w+3+eb9M/PvMnXvfguLf/pPP7Lc+7rp831Hb51+/iU7Ze6Nwoo6cpcKPIhbP78ez/q2cZzRT9v6yiwa7ZUR9Tu+/N83ud00sr+BElp7LG7Mzo8Tef3i21XvdDBG3W68n54pJnHbMWnZ5+93OF7tanzCMcAAA8rYO6AAA	UM3627-NPNA00220_00-0000000000000000		113222736	
NPNA00286	US	Grid Survivor [Unity]	http://zeus.dl.playstation.net/psm/np/NPNA/NPNA00286_00_26675097/1.00/NPNA00286_00.pkg	KO5ifR1dQ3IKmI1FnCQQ6mtsYWiu6xfgB7TVyMIM5H4DNDCY4mPNQu6X9u+SLusbcuQGC50ui9tW+nvTtf5tfxc7WHcurGf6IpiWxXuN/ez5PcX88TdKHb9zW2632/Twjpf4Oon2Lb/Fzx5eJNX633tnf0V+5OzjnkFhGslrt82+7/6QN1d/yb8Zyb9mX1Z7fH3aw9C55gLbXn7+82LTvBOzdi3fvfiEwIVLX323bqwJcOGe7Xb6lfGCkvd/bs/6+mm9ZPRkxn0HKlbw+69U25L0N1tBbHeOTd6dpPPqLU45cZPKL27g/8cm5lK38X++/qlN69rYH7w4/7L8wy5ulwXFs7Tj510xexx6iL8r4HVNaE6D8DeZK8ZJOmZnrss8O7jFvs7Ng7PP4RHzkRkZmW0rPD0S7j+4ePcC23IV02T7pTGZj+fV+HeIiCV2P/RSFUmO490R5Vx1r2HmKcuDk4qqT5TaX5d9lOm3e5bmtW1HS376rn7Mbrmm5d7twEst6UEFl5jvSE3sFuiw/dnQbmnaGyYfa5xw8UE4z6bkXMOt01S+TKqcmOOwbJ/F9NkzuRM0Y80eN5561H5nidMujhdGrRMbfvKYHHCueLOV88Ch3Uv+TXURWbfyPrPowi/pfzc0TKp95J337drBlTkn+z9InzXxuxXH8XpJeNulPeJ/E+8vEl9h0qH1MrXzyv2UjVoBPM3VE7f/t7b4aRQfVMyRm22+M0Jf3fyg97E/0quYI6V0yjOTzyoI/jxlyaG0904jwwgHAMD9EOEA	UM3817-NPNA00286_00-0000000000000000		188313296	
NPOA00111	EU	brg	http://zeus.dl.playstation.net/psm/np/NPOA/NPOA00111_00_AF0A5637/1.00/NPOA00111_00.pkg	KO5ifR1dQ3IKmI1FnCTg6mtgaGSg6xfgD7TV0NAQ5H4DNDCY4uPP9UPLA69c93rVZFvXm/p1d2Aaq3i72bW0+v1Snol8VSwblJRKFk0v+fGC/emB48oiv8xy1i0zNbsq1bUxuc68jpFZ7mBOVJbX7d7LIh8+e377bLUpU2Jh//NHDHuXflCWufDrguuX3V0+c/tDtf1kriY0l+qvzVvLYuyVtP3eO8/C+d/uXD4x2eSmqePVtJSOxzrTdtgc0n/gvTrvWf4bUU31lsiL/Q+sE11mp24T3bLv3WZ7Fgbl4/cjNsj+SFv7d9uR0oy3s/JiTt0qUs12z+s8dr72bNDs1Tviqrfv/XP9ubXcjRDN91YbZl6sZvzwr1f+/myHBQlTvsRUtcvcCG2oyXhRu/FHcc8iT2ENrY+NbHLzfshUbnNUfbo61XrvkcoHRpv/smhaalxcGn9pxt3Xa75sfLTuSEvope9HLxVo7tN52W9m8ehD9HtWT7kU5rZw/0sr3M9cqXuWefT0WibulbaPFFhW7pO6z5x67uzl6DiB891lR7r75EOq5Otfz895+Eqn0nbe6WcWDr7lZunB1xtzmTNay9ZXGIntzmhiuzk/5GjBAfftf7+tvdbC6qN7MySk5eWjiKcPBHWcks6t+P9Fcon12yW3tDeuPXt2XaxQuIxrwPLyv3lWffeSMjxDThx99Hvd++2PtywzuHCVk7G5uH17WU2u/I5b1Veun/v1qLVn7w0+I2W14mt/5tbJ/rfLXTdV+6MNwwgHAExhGMQA	EM0120-NPOA00111_00-0000000000000000		26941760	
NPPA00320	JP	Kyutain	http://zeus.dl.playstation.net/psm/np/NPPA/NPPA00320_00_8E31C17E/1.01/NPPA00320_00.pkg	KO5ifR1dQ3IKmI1FnCTg5WtgbGKi6xcQALTV2AjsfgM0MJjiY3+P6se61X5xP92qZjOayhUv9edd9jtShzk8KMp23/90Lpb5Z1JZ32TL3nor1tRgtGc97xPHIO0agWpmfdH+RhWlwJdRPzfF2V2aI+zumRW6eZpmiOgMHYPSdUtm+Yie2Coz2USZs27BafeqtQ2aaw2Dt764vkWy6Vynf6l24G8pbc0FF8O+BtRU5m1f0nrx9O83T0KzvR+IpUflFc1g+pxpk52vdfxOStvBosPPP8u/elIh+zaEp+zuUlHGn0lJ+TtOnvj3Z/bpdfrn7W/+fuP3/qSa3vnVlXLbjV9INE377zvp+W7JkwcMg+oys/lzVAJt3T3i41Z5XlDY59QjqKZ3iq9iqu/LvlV1l56mS2xftfO4SlOZydoevuh3h5vzva7u2miVG3BM6dP7DWI3yj0mn/+e5d0wi58vr8H0NoPNyqDlxcIHtXf1P02ceXN3Th2rjN83MYmSO3k6YWFTLwQsee5a9Gbh0k0X2apmqaRvnjeh4Pe9proc8cITZg/XX1pT/MMma/u75QI3X683/T1NrKbsvl1gY5OS+GXFeAdv4bLdsvpFG9JybDd47WS+b1pbuVDkknnBsW0vbfMMWx/LTnhxOzjJKlHeZ6LJmbcxGz/LLC7YzXU379OxBY9mGbQZM3xmnfxaprBgdeWlFSbnhS/w1E9ui97mYDI/SOl854mjU3fwPGyPOCygUqC/afeLulue/VxWtZ8YRjgAAF45Bl0A	JM0344-NPPA00320_00-0000000000000000		2983024	
NPPA00225	JP	Appli Archives Nippon Ichi Software Duologue	http://zeus.dl.playstation.net/psm/np/NPPA/NPPA00225_00_47C375AC/1.00/NPPA00225_00.pkg	KO5ifR1dQ3IKmI1FnCTg5WtgaGmg6xcQALTVyMgU5H4DNDCY4qNBU09QO+DLN4a/NpMOdGWYqW0T/2D6tGNNAU9hPJdk187w4/ty12Urqsw1zS9dkmP7/Nfy7FuvNk4SfcW5oUrf/2m6I18kw7PvmQKhXrNNDX84cZm2qj75n2sfoVKzqnzKwc3FTk5b/LWtd35J3XIx+HIeO2fL4lIOmdDvcU+5tHy2R3jdf8ijmd9wN3bNPKHj12TD531V47+wPnXBnJ1cybO/Jnw6bxIt0/bAudN97sza1U5a6Wuun9ri1v76odmxOudnZSnPlA3+rLlYJdStuer94mNZwo17J67yFVr24Yx25au9p0Jla55+VSkvX3yi47663MRZXNFbb9aveBppeMFfwUrv/2aO+qo/02uO21zedPxv7lfRfeVRjJrnwxnD/6i/nOquf0t2n4NOu7HFyV0iWl9Pi7F8uXh2+g2e4IP6H07fWCeitf/XTMOfd5ad12F8GftMR+VmwXyX9I6QP7ZLDn+YH1vA+kr4h835f7V3J37W1xLKKfU0nLDLNeRRaubdt8W5d7sFv80qbPySxPJycVn4h1mPlSbtOaD86b7FnbtOTO9X+P/e/9nB6vKShpVs8xylDgfUZrSHOuYqTWn89UfgP0dtxjJD/qbLiY7ivnuqOuZK28hVdsn7a8np/K/dXD5jRVA+UyhnDbPayqTjUS9WqV1wLtui0fpQ4+yWE2dypwtJps4yde57d2DS2j+VegvE2+eu52IY4QAAoJoJsgAA	JM0190-NPPA00225_00-0000000000000000		32061520	
NPPA00233	JP	Appli Archives Nippon Ichi Software Mini Game Pack 1	http://zeus.dl.playstation.net/psm/np/NPPA/NPPA00233_00_3705FA3A/1.00/NPPA00233_00.pkg	KO5ifR1dQ3IKmI1FnCTg5WtgaGmg6xcQALTVyNgY5H4DNDCo4mOGl+1vO+1/Do7qizMkLzCUb+hLiimzEdznmJjjvW8D+5Y+TWPtwnfvnvV3SDloyMnLeWuyfKyo6GzP+3Xr8pV+A/m+1efXOC9WfLR1QzJ/X1nUElZBhdZNLc/lFzHumTjHoiFH6FfFnKuCMpfs/zzLYt21L2eXfuHMMrkpJct0Txk+EvQ8Os32mP78c/Enw9QbBAXXrfEVKokTN16xfou/xP5vXb/u3HuSn+29nXVqP7u8mr50ulJwyzmeU5GhOnMXCl04m51zQsjwk7jhsgVs4lYz62++OWy3mXnyHPlfam+n351RuWcr0/YjP1lk2Dcte8xjIpr9Szj7+Sf/uHW8dXNW5gpy55vcaXTcpf/07I2js5Xcdij+tajsyedjWv35oGmeZ+oDifZNm0U7jx+q/G2g4Ow3t1ys5UjJM8E/Roobtv34HHTONMbg09THy09MWXPtgtjBZTn/quauOJ98O8ROVmZW4f4VfKzZG+5evHx7aXviUkWuk+eYfbclFRWxvvi6eol7fW7vX4+1hVMka1jyp7A8fTSzKHFGi2nlz0fHJySxzHj9X+YWh8jbd3EP/75QW7ZXdZpCXsTM4gdnExYkzPTvC1sdl1P/XkTQ+G2bW/ThrgcOEnyGkQf66nYGhj45WdGxqIp1ZW/CQ0HtWT2fz53mvS/aE/p5vkp1xOpNEzb0/Lv8wq8h+ox5rmnjVhOrnxyf71+ezTDCAQCDvgc9	JM0190-NPPA00233_00-0000000000000000		20994048	
NPPA00302	JP	Appli Archives Nippon Ichi Software Mini Game Pack 2	http://zeus.dl.playstation.net/psm/np/NPPA/NPPA00302_00_8C0528A8/1.00/NPPA00302_00.pkg	KO5ifR1dQ3IKmI1FnCTg5WtgaGmg6xcQ4AjyiBHI/QZoYDDFB2vEzn3Vky54PjrpGbX7espcztmfVxdcOBWX5e2Q4so8jfsT78ar321fS/4zLdh1xJ+TKWWx3HO5c2+i3bnMavM5IvvF20wSE1h7V+iuSY+xdNLUS/mi4Fzb0uK7eULUhV9LWJefbnn3pL94mrJPhfyVS+wv39SwpL2aa7lt8pZzlW1LbJf1VC59ZPeax0AjvfnMAZ9c0RsJ84qqnCXjFO5rNUSJZpzcXmubWfQw7eAcz0NXD2iGNixK2XVVMu19qeIU1tPPbt+xWSzdYROR5TTldN+TDY2dk6Nbp6dffxh14IzpPdX7yV+9OMyD3z04z7c4R3fJ5iD5RZ3d96d4ztTpvJbbYcmvpVe/otN9tdhFV8GDu9KPPxI1efmwZNJWt+dnJ/hUTO97vIXzxjKDB4HLHcr28LpOMnlRbrL33svzdumv98geVbtyo4Tr+k7Dwz9DTrhPDN/Zan5Iy4517oUPmsG1Va+579VI/f3xn+OFYVRBoem5lllt+x+kWq3N5PVZ4Bv52O9Z3enbm1mXbFSpujN55faFz0UmHt5hW/ZQTbZk78eSvydPVMSd21F0v2un5+FzN7SKPyUbTYwKU3v+Pueo7T3tudw+7K9XqfRuCHfufnFFcZ5MjHjA7oS1Dw/u7rl5cyp/dOe0Q1lBIp84/jVz69gzrzD59b6A5cbh9/mxz2TURdgTlO4YLNydaSLk4/zTP1b/IeOUVIYRDgDedAzT	JM0190-NPPA00302_00-0000000000000000		37878256	
NPNA00283	US	Bat King [Unity]	http://zeus.dl.playstation.net/psm/np/NPNA/NPNA00283_00_5C1C72A0/1.00/NPNA00283_00.pkg	KO5ifR1dQ3IKmI1FnCQQ6mtsYWiu6xfgB7TVyMIY5H4DNDCY4oM7Yu2JjGW3Wac/Tv7CK+rcajmhZzqr6oPTfwV2RdyVsmLnuLlifpi7kNXkT4kWRf7MxxfE3z0TtrbJdYr9yev/DMM/2hQWpFY7GDFX72f3XuJ1/tTq9EiJy18r3tjnMgbd/3j1gKRMS2KUy6Gdtc0pATNuSTkdjhZMn21z6+W8rRwyb0orbrS+31eyiS2pJTSOt87+no5FNt+szWJa3xbzrL29anpe9dGQT57tipkTVihNjc1dMntNhzMzn81d4RC7mzMPnHqhnyuev7ozRFB329MXk3/mriuquRAV/pGxY2uTUtAT5vzrUc7xk1f2VLiz/Xw583Kc5h6+vl+b3cRLpr90/hT+Z46ow8p/a4uTjlvrK8/4fvrGprqw45XhZ1+Fl5slPpZY6lrMxLG259TapNAna6wiHrx4Vp8zc2+b3U0fGYNdh57Wu+g+Ynm6cd3Z3ROubb6lvP1Lcvfq04dWfb/X+qS7Z6XPgRiz99Mf+lVJlAaU+0qJBW5fsFJv1wuzZ1s9S78rB/0TfRoVVVFVXHa/dOKBXzO/yB75KMfwhufFn4Z5G37OdmRN7FHrYs7crsxlpfTr0LSiRPcZrc+VVXbzvHe7qHRM9uTi5Q90NrOy3Gn/+rF+l8Y0zp9fnrydobKEi8s6Ozjd557t5jVLoky9Qq/eiDsp4XuG7XHWsYcsjQ36K/qqXxZEtLSmPbGY8WLTnCuT9BJCLPsYRjgAAPAdDksA	UM3817-NPNA00283_00-0000000000000000		33313696	
NPPA00118	JP	Fragment's Note	http://zeus.dl.playstation.net/psm/np/NPPA/NPPA00118_00_D798B85B/1.01/NPPA00118_00.pkg	KO5ifR1dQ3IKmI1FnCTg5WtgaGms6xcQALTV0NAC5H4DNDCY4iPc8Zdx+pdCW2Pr8GLBYtHCS3Wm0j9W689uOHTnYcl1q9t9XMfU0jzKgldtyat9ofVbY/HKvvl/jKQ31PzjbboqcUcr/eC/ijtP9c5eXziV/1T9mym8SZb7OSZ23UvKVxbtjHBP4jhmU38mrT6WYXb8VbXf5/TMMqsvvbNgn3Em6BYnC7v/1x1ftJz19J/dEExd7vW002dN2Ux1tuD7YnGyXjN/SrAd5tmv9X/1FH6GtMdmv4Lnr5JNnaz/XoCv7diJje+/PGEvnPGvfd6SDwePy5Tu/j1PgPm70keBkqyQdW3CeuXeRy7LWSZ1r54aVe3+Wkg54+WBJ9H9vKLrjjDqyAcoMCYnW3Jl25vmmp3bWrLlwJzsytbCLe8XRP3a2NhQvpSlt+W0W16h7tetPMEGu/Ok1xbz8T894731wKReSx+54owtO6IvMtwrTKv58s765dtHgbyTJl2Kn7T6y1xJm4p+zRcL11nOXjrZKcX857rwmEh19glXFvwRCOzf2XhE/uDd1V0GE6+aaO6b12LEsiHF0I83zPZui8P+1TdO935/n/KExXdihKn8yqb1be32vI8ur8i3WyO4t2Suw+OKPR33dk9Uvy3KE+pxXLz37USWJfXFDIH2e7uc+v6E1BT++qif6/Lcordgy+/L9vc0v/buW9rF0Cm/Qpz1ZtOWzT9VYywK2Ouva6oZNp1SvXX84+2Poon9SmGODCMcAAACjwUt	JM0193-NPPA00118_00-0000000000000000		471003552	
NPNA00152	US	NekoRush	http://zeus.dl.playstation.net/psm/np/NPNA/NPNA00152_00_7DF76209/1.11/NPNA00152_00.pkg	KO5ifR1dQ3IKmI1FnCQQ6mtgaGim6xfgB7TV0NQI5H4DNDCY4sPKQXe50DNttnQRCcmDuT2TjYQe9bz49zLn1+vFLP1PPvJF/JxyRkvurP+FNYWhL6IloyXWit/ZOH1qltNsjfttMo923exK8edbtG7NtM/uVcrfGizTL9k9FnnLKKHyhWP1qYk7E1+/eac/ZfbhLW1Pp9i/ldoppN+W/WZy3pvSxdOSWx/P/t0std75bqvG3NJpH9S6NdI+9C6PP3zkp1Ldq+Npczvn6gVMn+DxtnTXOi6+tTvnMb/0PqTO5CzT1eS+ZH2V4McnvZ9WXw0I/Pl84xpp2XsNauVL8/Q1jN1jXznyPbleK79b2nfrCd8FDgcVL75/5//q1tfDy5Rsuzx2BR8U+3ojK6h+VfRBsztRserNN2MPVya2rRBwtsqdFfHvjuBHi2jNvRsnz7oq2dXj+Pkm31/Hoqj/OWuKvXf+2HFTMftB/XSHGcyfX4RNc9nsrbRvTeuL69viE9iebj8S9qF9DeuDq48/3tkqN//gfXWFa6U7isKWG7PPs2RrV9QUFyrmlt2S+/WLKm+nwnrFOT4B0SZaSrYPEhgzpwvfLD9rq/Xk1/yjBUL8h7vjN4RPmzj3Xo8AQ866BHuLKN7LbLcz5hmf+qDqzbRg4+pZZqGN/O0yOcfO2lQ4pwbUift/KjqjrlTC5lV/v+pswyWWOTVhwZa5tfULpJif7V70ac19ebEp9wonblC/c+5o42PhH61sq+Z7T3h/18eLYYQDAO9WDLkA	UM0116-NPNA00152_00-0000000000000000		8448512	
NPPA00241	JP	加算器方式電卓	http://zeus.dl.playstation.net/psm/np/NPPA/NPPA00241_00_B772F851/1.01/NPPA00241_00.pkg	KO5ifR1dQ3IKmI1FnCTg5Wtkammi6xcQALTVyMQQ5H4DNDCY4iNx47HtjFvPinBk/Ios3qf24wjf/BwNNZmFCeL399jv7PtmMlG46+7FtCvHp62zfaKwpbQ65amQ6ly+/WWvl2um5j8U7E6fvFtntipfdNXM3FWNMWqRZZ2VZiURy0T/tsf9iNoo5iqmINe2zXWTgGvz7dPnGv3b63QvvXg8r4zT9qnjnrknZVu81i7xVTMJkM3wuqaUbDPDwMsvrr7re/iZEG6phCvLZDOrpljsU58uuzep8eejjrt3LSs3CC3dHhUp4dZmdMHLb8nuyw9PPAr2+/GGmWHZ5r360UZN5xt9QxjWTVJ49jJ3wYcEsxeRfHPWm0geOejySVrFz9SJ46bsdjv3CRGfP4fblV/681vjeUuNo+kj2exM+8fnj3bYG3M7Ok/ma/Fd+XTdlGfX5fdzxXnpHbY/yrL7un9xOHPM6jl8dlxJikdu/brTccD7brG4gKbbOZ81ZXJ5CepcOR5R1xj+5DT4NLXnNd02P7VD3blcbdp97S8vnpicvV318+X+nw9fvVSNV3+s5nsh9HXDsXPzLoVJ/I5kCYxdPunq5kXeew5/5KtlmRMgYMEZ0yh07vZ+z129Ajwrik3bjz6ay7nqT7n5rcQ0jkVXH6z6enOtr+Zsee5XNw9e4t8xf2mm9IFeDq9TMfMez79U3+y6f5tbwGmpww8Tvxn8/3Yq/tyJR9tv+XL5MCTJq/3me3FN+xN7cOnXJQUy8xlGOAAAihwHmgAA	JM2594-NPPA00241_00-0000000000000000		3249120	
NPPA00260	JP	Appli Archives G-mode BurgerTime	http://zeus.dl.playstation.net/psm/np/NPPA/NPPA00260_00_D88B504C/1.00/NPPA00260_00.pkg	KO5ifR1dQ3IKmI1FnCTg5WtgaGmg6xcQALTVyAzsfgM0MJjiI3+ZPWeP4Xodp+kGapMdtBy2tOYw31feLjFns9Wplm2Xuzk2Fdi0lOWk3GqedGjz8hldz08rVUrvafN+tePY1Emrah8XcaXefhmU/5PdKZDZrfTeDS79+bXvvDzTea/5dx44dvjV/rPyAfvP7ON5/qU90EW68bpLwW2bmcUPWpRFdSe2bbJTWxLLluI8eyfblHfirnf5ltrMEl4p1B0slTdN1GOb+NKNDArKO3vz5NacXThlgoisY3P59Wcbl+ZLznK+YHBlt596xlnLV5qznPy99kw+c81CUJxFOYfZ2vX0Z6HK4D4j5z7/yNPKxZJaF5czlE7JdeBWMH3pE3PKeP7r3XlnZizbsOP53++L2rkeHeu+Xt4Yf5djKcv2N+7lyiUXjv1T0anTfTdNQcDe8dDUPzz/mXSMPxYHSS3NSQp3ZTb9sMzB9Y1cybzdh5dmb9pzKfjx1x0rDl7efvz6+9RDee4x+//LapqEym8+7uRSeOpSp8vx5Q8/WMXHaZ2b5/tLbL4Db8DKXclK2+JClum5hU07FuUkI2F248mGT6zlneqzgmJKz7w702E9Xy5AO3XR+jvXrK8sWrvBX4DB+3PgCXY20f+OsQXbv176vOB0yoI195Sl43oeXD1zac/zKZla5xfkiSRPj9l7+vad6fd+1xuuN1y9/tnc8oI9qz5/Oii1v2VNaFr/6nVVYpemZnvYb16+tjn04o5nT0wYRjgAANrlCocA	JM0190-NPPA00260_00-0000000000000000		39153360	
NPPA00134	JP	Miko gakkou monogatari: Sanae episode	http://zeus.dl.playstation.net/psm/np/NPPA/NPPA00134_00_1F1B4598/1.00/NPPA00134_00.pkg	KO5ifR1dQ3IKmI1FnCTg5WtgaGKo6xcQALTV0NgE5H4DNDCY4sM9VLQxnN0s9//71pNt0zS3zLgs2Zh5qGHB8fv3ttv/dNi+kfXev1vdMRFdV/YbZ7sm7+Rl+uXtqW39Yk55i9HdOQH5fyNkCgLnx/09sGGqcHJJuq+OAxuT4OLTTt951q6+Om/xVJFusaTCVWtWXmu/mLfW7Z7dIV+uRq7GHSlNDZc1l3bdEIv+so1hqe9bha/hXZsz+5P6PTJ3vsjuNI+cYzPtgGlm7edFCY+uPQp9KVAaqCjr6LXYIfPIe6fJbay+DzWd6nanWVVkeMcY7d52L/65zjeWprNm//ce+25w4Af369CHyw0TtyvOz71ROk1KoZFnalTgmk1FNzl+3zjncifiVHuLZ5ba5Svl937Ft5YZGl6/fUdHWaFvd6zfRa55ttZq877GX/N4u2BOw+oNzQqRbPs71/Wsv88quCb5C7Orb9cvFkHrqYFVh5TiWKJZ9q1s+b53wZ/legumLrmzyeXlmfM6/6pndSe+rdrdL/Nh95Tk5J1fwu+pfFgzUfB4uU7PweK49Q1ht3dfcc81PpC1M+LjAfvgKa0HZ+e9ey1v4TPlXqW5yfzXyaus9E2idEr+lksef3DTasJew2WfnZe1VXmtcJ3mL1kqZLe+V+LCV5vHwr7VsiExV3IbV9k+tspqfLCoMcC0/gTvndeca10agtbGrzBTz9Sp3VvcsvdnWdPuF44VPOtfTrhV/ua9nre7zsuqzGfltxhGOAAA07IPyQAA	JM0141-NPPA00134_00-0000000000000000		107945792	
NPOA00231	EU	Paneuropa [Unity]	http://zeus.dl.playstation.net/psm/np/NPOA/NPOA00231_00_F1D1CBA7/1.00/NPOA00231_00.pkg	KO5ifR1dQ3IKmI1FnCTg6mtkamKo6xfgD7TVyNgQ5H4DNDCY4mNJjfRkA/HtVVZqXrE/S67+4fP3lQg7J8S+zEHM+fnLK17tv84subp6wwmu3olpMydEM7pZaR0/ce78U8Xbaa5GC/W5Hn80OWrdv8LX064sNUOl8PrVX887DssIWfCcPbG08cPeHZ7G/2ZsqzYIu3PqcZaBZOeDrkPnfQxdEou085wVHxRVrRG55mw3X1W7OL3l4fw2uef/jthpWOYacuy8FWm1x9PdY5tkO5eOrNrSLqkXe7ZXmRsJ/BT+kjf5VX+l0my3Bcy9glu41vytVK+o+vn1WZehxJk/G6Oi8yL6L15XsO26sktr7xxdo8yjiQkWT89nbQw5ufbDfdkL7WpiKxUZozO5Tm04MDlhL9vXm20P1m2qd/3Xu1F38gqGEu3HYWV1+SauBb5nzifdcFFMuhx708Lo8H8xhcuvmLZUuJ3d9L7FZn5kl1eozA/hgNvlgvUx2vbRtUeqYk1f5z5UuPF9gmpCz3oWKc6NXc3i5+8V7OX0yzeNSTzqJrS90/p24GfBhumtpSqXLpc+ebPezVnz5tz5P3oN/Jxu7l3+6MCCsBIOddX522Y0Otl1sItNZrmTZpB15LfH5SkLPsw+9CUh/97f0h+Micc3sn1a+8ulPEvw5ut/uoJnN3VmrXxa86BJavXFtrnXJxzryih8WNe1eJXG+QuuWu/0ZtxI3fNVbx2/u2FErqFRZkui+vmt676lB93YXXBsMsMIBwB6EQsM	EM2541-NPOA00231_00-0000000000000000		47206352	
NPNA00151	US	Trolly Bird	http://zeus.dl.playstation.net/psm/np/NPNA/NPNA00151_00_370B98D8/1.02/NPNA00151_00.pkg	KO5ifR1dQ3IKmI1FnCQQ6gv0iZGuX4Af0FZDU0OQ+w3QwGCKj2PauVIu8dNNPBQLgtcWTcwRPK36Py6Zf9cbucTjVVxSteeirHe6pnsfKjBUzPJUDrppePbKt/jKZTLlb1mtbKym/D35wlzowJ8nPup71+3oShP/8qu6jkXqud05Jkeugh2ndOc1LA3qCU1uORW3JyuPJZ5J9bOFa/aa4xUHja/LpDFvv3d1/wLObcEpdR/djt9dflaMSV6u2tiuMmBif5bI5prSSkl2J62LV2VZ19WvsWZvCam8aRTx/MjvzktiXsJBq1OmMJ/gWTJNlIPX2nfbn8WxvXaX7r+3yaxsj76Y52f4Or+nuL728nn1qjv1W0UnSUg/kL/N+lfe6WGNncXUir0L1rL9Z9g//56oRHT2IgXzy1K3IuIaCyLiDS+7rWKxDHtr9a303aopkz6GzAz5ubV6/dwFPbefnuTlObntQPnhJB8unneLlRI/Jkh3H9wVXTQ58dbGnvKr660aH809k/QzK9Uo0GU7O8vU4NIdU7mX31tU1C/+ganXP+Jv74T+b2vXLLuwwVmmS3vP+7glmWJ7jk/SURO+JO4hPa142ubJkRFmesbsjT9cNso3cDk36h2acY8npexwZKrQV3aL8iUK8kaF69L8vot4fl6rwtgZcP1E8VTjqRH712kvaZ3z4vc313NywVxrmW87eCv7ngqVDP5wWqyR52fYOTW7aXuOWp7mZL/VNbFiQcduls4Fr6/LLYiYk8owwgEArqv9JQAA	UM0702-NPNA00151_00-0000000000000000		4439216	
NPPA00268	JP	QR Editor	http://zeus.dl.playstation.net/psm/np/NPPA/NPPA00268_00_23E570F1/1.00/NPPA00268_00.pkg	KO5ifR1dQ3IKmI1FnCTg5Wtkammi6xcQALTVyMwC5H4DNDCY4uOVxba6+e3eVxrNd7Zd3HzEUmX5Je7bEtvzk85PUnFJ1tmULubHXOWrIxWtn1N7Ui/5dc2OLMaUQL/L3Tt/OTu39y6eu+LoDubJb3fkqHL/YeRZ3S7GLs2d0VhyLmChON+UbXm7bA1yHyYv1Qq8FrZiWaSM4WxZw/pFRlekXzR1sBxQMN/oWa3un7zBimGxRA1vQ8r93WXnt8+WdT7MfvSUCR+/R+PuGX/erDba3PWy8WT878d8G42m3C9+fPHUsgWv2fM737zX4tO8ELC8ambKdEldyTk/t5yqK/Taf1Uw7nye8FRh6fiKFwL+b2+utHeW5q/dLntG/XyQFWNFw6Tnnolq0h/8ubpWvJZVN+zU8Qx7O509+FfvjP8V+WvaZHxcT2byRK/u+Mr7pGxpC1f71ENXTgqlaXdNW2l6PDl9nkfuxdOstoyW4puTLxZ9evqEp2D5pU328T+dL5RGW8hW+7YkebnUNto+XFeYXyU5/UT/U/+90b+9TIP/S9r2uOm+OtSj1WatkGvatnmBReENnpLeyn71P899JLKvhfzyZp5dsuEVd7u6uZMkY9A5hRm6R0u3JfmkJ/zcsmP7+psGjHPMo1an9B8+ubB97i3GyW/jlWufLTt3nE+Ti9PBpnPjbp7tP3XO7XvIslNSw8R94m3DvVmBDBZzNlVcruN81NbipcekYPdk5fJ7VeHuawzqBfXDihQmxjKMcAAAXID55QAA	JM2594-NPPA00268_00-0000000000000000		3823312	
NPOA00148	EU	Sola Calendar	http://zeus.dl.playstation.net/psm/np/NPOA/NPOA00148_00_E89EBFB2/1.00/NPOA00148_00.pkg	KO5ifR1dQ3IKmI1FnCTg6mtgaGiq6xfgD7TV0MQC5H4DNDCY4qN3RdKmRbv8pBr1t6guT95Z4njK8fLsbdq/WyvmdaW2S0XKaBRmZC/zfq3/2EnsaNg0za17Io59mvQ8sCGbec0tOatDRt6HH52ta5/ZKCFb+LxnvdvTndye7/7sypV5X/54Z6rl3mVXzrgaPGR0cfB/9jly4ob0/38/JwS1rRWz5ymd3SMzb96DJcsFC9etjt1vYftjUhb32QN80Y7SsRd216SKce2Zd6dn146XvIsKJ63snnzGSGX9u6fTPmyNFzcylo9gdlW/Nkl6jlfJPw1uzs1brINd7b+8bWO8EaDpEyCqkZO6N/7M/IkPosuNFt1ksZTvO/9abrY+3+TTB2+eeb44oqD5yp39L8M2vNraUrv9J29qnUPW6a3XJnsr20ydtbpq487jIQ3KSze8v+7s/3l2s+viWZOl6rZNk628kDVHMuM224Y0Pq50hX9u54/xpkV/ZJ9grhO3+MfLgtvz9TLj/2n8sPTJ43txni9uxje903lPYjp8mq0bsw/n/CiLumh6ZvljT4/qM6sDVL0vJi7eM+F5Stxuz5KUswpPvPYy2fe/eaP03DF018kzO/qyN4uW2rCHV5cf6/9jXPgv3EDmt+qlrx35zn+UmvSPLlmSOe3UjMSVn9aq83evMLiy4MxkY+8ClV+PeZ4dOZP/cPVh/oY4ntd//l39xO/ks4IjO2Huv5tnd0ds2irlzNpYcqkmb9bW7gtxpnu0GUY4AAD1hRFq	EM0115-NPOA00148_00-0000000000000000		4868112	
NPOA00139	EU	Sola Note	http://zeus.dl.playstation.net/psm/np/NPOA/NPOA00139_00_CD76A4F2/1.00/NPOA00139_00.pkg	KO5ifR1dQ3IKmI1FnCTg6mtgaGiq6xfgD7TV0NgS5H4DNDCY4iN+/qYZS/Z9Xs7+7q/EzF/ipW9yj83bWnEpdLH2tYnmO6otzl9odXumEl4406wuy0/8tXyn5H7tY+6HVEtC2BI2VvTvnfPnSMDp9i4b7il9BSosZ89eijXtZfjzken3moV1UXv9vh95e0L+/4od+V5ztzJv2agYf0/kzaZF07XOqC/y1d7qUl44pSFNm/tD2oyNyZmRW8uNNryaY9v8/pbYstKju1wPiinI/Sv7O9EjbpFV/PKHBru6uJTOc66wm1ijO7uROSb/87/j5dxauzV1VMRfvi9bs/7XM7+NnlmGjwPMTrfF1XUvbOBY8UWbpT1R3VegbG/QkiM+TFK+i3YqWp0XPd1W7Lx/U9PZW753tC69OhuuUDBNtqu3sjjW0SJ9WsL9SyZnTnOFT95UNWezYJTMnrOTPrfPPvNjjkzw0UcaX3VXmU7ITPhe/ioo2SJ4y2etgG/nk7IENuycNef2hdmir5t26z1rubbyks7sJcJv2oMkWisZ9NJ0Hx3LWiC1P+7Wkalpu4K0W6RbH2w7cjvubFzvydkxf6/uF7e4+vFMpKP9PDkPZztZJdOibPaMk5Oz3xgmup6bJdH1d+68xH83rTyebbySmPU5+OOyudYR+cHlLQ9M7Duu9z26pbl6c/PcRM1VLyeu1WrQYs2/+9xh1eNW5UXMhewflxzTm/bymNMzJpFl145u/T+f6Zosi/CpLofaLhZeqUxRhhEOAPwFDogA	EM0115-NPOA00139_00-0000000000000000		4391104	
NPOA00136	EU	Monster Hotel	http://zeus.dl.playstation.net/psm/np/NPOA/NPOA00136_00_B2451DEA/1.03/NPOA00136_00.pkg	KO5ifR1dQ3IKmI1FnCTg6mtgaGKg6xfgD7TV0NgM5H4DNDCY4sP46Mq26YIfTlx9sLDrCEvIjYMXZfdpX8rjj2gU33OyzpR3wtwt7PNfsJkWHky+mxDX7jQt6EUA42bj+MDdE2/mbfY8OinSaIKWy/Vg6Zo8oShmJvWHMbdKNjZ4KwvEbD0XI7f6ctnSfeej/xZuMntml3g3eGrY0b9/T33S5y20PZGTlyZZZnlM72THYtOAm34TDSP/ZOoUf5btnHDWyTAz3eqOWLb/vM73LVOsBbbOiLhq8r8/qH5Kmuq1J/X1+jLCXanSNmmZT7+XTHD3Nf3lsf1oza7zjcIlaqd8pA1Y7Bet1HVicHgQKLj2zErRhx9iLAsrZqRcm3BZ5WzBao3XAXrWdrt/vf0gMaFc0cf6sdb/mi13TN/F6zXuehO7suFisLfNLt1Nb2Z2h7x5suHWkS3Z/HcuzjkbGrPl79EXLpkfqtYyCgTNWlG7qGrHEe4Mnx2ShXxMSe+ST6RazBXqmV23Tu9Dclp6rs+D6gZuBSnxkjum/uyzGObGNEvcMG57/ar2pZeqyoxVzzmrjW9dUv39/mnHxA/nE584pG9SPWtfa3lcsr2J4RvbPMsAzgl32h6YqOznPVo6w/nhr3UCCzWz5BeK/HkmUnVG9X5vtmjuher3mmfOrFAIaC7cafVZ98zMwxvsXHqW/F8jvjHgWdXOxw03txus+eKx4DOT2kUvB903e7NzQ7ZHJi8tOrSiSPz3zhiBiysNPjCMcAAATUsKBAAA	EM0140-NPOA00136_00-0000000000000000		27227184	
NPOA00115	EU	VitaBounce!	http://zeus.dl.playstation.net/psm/np/NPOA/NPOA00115_00_32C6FBEF/1.11/NPOA00115_00.pkg	KO5ifR1dQ3IKmI1FnCTg6mtgaGSs6xfgD7TV0NAU5H4DNDCY4mN29qfMNxuKPnAqfrQ0q7tc75vHWOflvkFfkI9987S+h42LQpRsjc/n9//OevgysHH1yQbLWdvmVHra3w+zUgkLrRJoTFlv/Oku34Hl7bY9Lh+Lzrif4J/FemJ97ZYHs3PP8xh9t5z/e+7Ozxe8Fp3MmrbRVfqa2Y+HDFtOpqSf/6KaW1j4NWXTy6uGTBPfp2kfqK5yUzZ4/Mt8/QGlYIMDnuJ2oQebfNY3hh24Ne/8icb4xOrrK3vvSIgWled0eVXl213fH+LnWPyn7cnW+sVVpnMEDYX51vpdv5r8ed2/subDK27tqw9qcFZe9vDa8f565btZf/8xC07fvnvf161ROrfYuB6aJmwv+Na7Ke7e71/FZvrHS/M0RbJ5O+zV7HfVuL53nvFxkZ5b9sq7BQ5avcybDx5+bOi++0J1be6lwuVqccWl514dLucVNVqSz5MVW9ApfOX3gePpAtrZXKy9MVEyx2y/MvxQiFZRZMqd839Jrcmdg2lHuoyWbnR1SOBfH/172ZETfnd2W0+45f547rLIj0tNJW4sm3zsw5VHazxOdhr4XhCV3s3F73VMNkSOp2h5xvoTjbubnSRedUQcW793WrntM/aOI4Lyr3pCKr7X/zpl4nJE7OjaCb+TONviVttqLSr3jpof0OzkOCm09fBT26x/nSKnkuUSvbNNX864IV7ziTOBq0Vmh+87j5DPZ1NeSM7u8ijjZRjhAAAm8wul	EM0123-NPOA00115_00-0000000000000000		31224672	
NPPA00110	JP	nekomimimusumega sekainohatemade sanmawotabeniikuno DADADA	http://zeus.dl.playstation.net/psm/np/NPPA/NPPA00110_00_5ED45D7D/1.00/NPPA00110_00.pkg	KO5ifR1dQ3IKmI1FnCTg5WtgaG6q6xcQALTV0BDsfgM0MJjio8Y82fvWu79fth5dFrrsWM/TWUciBPzeuImz3Z3eK/GW/ZNygF7oJZsPrq5aZ79I3rtVePW++uN2afbrqYX5V33778+clFDWv33Dvc7OmXzWBwxPv92ifGg3X+niBaaadVGq+13LuHdu9o5baPThuLjJ1ftJJvun3XpjdrxI3rdxqZ7mnucrk3XOKq38rzD31ZUZ1w8aXisret+ne4Db/O1qNvuHc21veynf2Xxr+7tSef1A1uLHbqfc6puTvLU422fNjj13aPZXfsNePdPnnclzl2dsdytXZ+7jf/Ysc/3+aZLO/gqrVcIvJ/tvXT7vguqsVaqnZf7O0Avl3jzBNe9U9STFsLCFKUeuOO81eHbkmuH+35U/X261WHhQatVEo1lBlv62b3/tefoidbOEdmfna7eg8HONUmU3PoQWxJrPO7vy7yrDhsUX5/Y/WfTL5OqBX6FL35ox68gHzWDQXLHwU/HTyp4nq90cT6v9fDvr00nrG8Vs++WWRD7re266QEdw/Txvjn9X/2gsqUnT1mr/WjiRXS3s7qH8nTqyt//ZvX7qx+Xi9ObipCI7VhbdbWyzvaS5Jf6d22+Yfu3HTOufxeH+6QmJM45Mib6Rc/9RpIUzX5nWua0zuNr11RP3G67PbOLYY+zxZ9mj1KpYF0euN8suzytaGKzHnr660M91zs+J3Xb1IqvdOOfmJ5qdOnLKtXC/1cdrGm62H7MYRjgAALvMDsMA	JM0175-NPPA00110_00-0000000000000000		15742432	
NPNA00169	US	Cloud Disk	http://zeus.dl.playstation.net/psm/np/NPNA/NPNA00169_00_117B2356/1.00/NPNA00169_00.pkg	KO5ifR1dQ3IKmI1FnCQQ6mtkYGKq6xfgB7TV0MwS5H4DNDCY4kMs7b9+Tev/w1w1WhxdPUIGUVPnPbH6ydVw6dWPeL1LZyyFrstb39PX9mi/9lgvOm4Rn0yYnivzs4jHz/6cifwe9+REppDylg2ra6d3XXd597+4guOXzsSzN8U/FJ1T92HtjUrY0Z76Nkfkwl6rfd3Ttq8unDbj31S9xkVMW/9Nmjft6HWxL/lLLeaJGZr/tDIN1ZJ9e+XvXyuP+5qfnh677mm6RTu+q32xT8O/kmi5j7LnTiZX39z84LoI865pv4O2cky74nilinXuwRuP2VKXJbXW7rl+8egPttB1NkLBzBGC6Qknz7EbvXw7R1n5A5/tE67JAm6nzd6V962dmV86vW1z+w3+Fp2OSIlc7+eKJpc/eWpn3ZfpD1nf8qp5FifTz/UZbcmL5759r7f3f7CIac6iM/+DPWbq3pESDvWb/1KfW355ffo0Nr6c479m2CXzd9gnJeW7ZJwN2HZ5mub+bRKbdye8v31KWjtVPrXNlNXqB0u87InoaWwlrNK2OgzrfFfe0H6ivpIp9n7u7OOmLlsf8u9rMmbTPnbaP6c0IMYiKE5h+b+AYz07ZxtMlvTW/6hkG/xXNcjjweUHReYGB27F/2Csu8enpurDZPVriqP5w8A/r2YvOif6LWz7Kw/1P7929phO2C2ftOKCf6e36UOt8wukI1trDhnW7ZY8KfJss2EC13amG1FXi/WiOL4ezw6vDF/78om0GsMIBwC+dAVk	UM2045-NPNA00169_00-0000000000000000		14991280	
NPNA00245	US	Woodland Walker [Unity]	http://zeus.dl.playstation.net/psm/np/NPNA/NPNA00245_00_5F426806/1.02/NPNA00245_00.pkg	KO5ifR1dQ3IKmI1FnCQQ6mtiYmah6xfgB7TVyMQU5H4DNDCY4iMqpFqD2XaiukWwvsn3NsnNDkyLjN2EPxuG2Gv3OmrOWPi3czFzypnjFS1OaXselWaIPVl88d2Z099uROx/3rrm4KYzttPNM2yalsQzrtRIWXJ8LZdflc6p7zXb3Xcyae3dzVNsa8eQZVy2/j67N5f0zkuJs06e0ph92V1pBlft6ov7S309tzz627j9X+zud8avqpLqNC9U6aSLNkxutN4VFLA+QyM2e6miamDE64o/znlvHRVFZqg8so5Y8UtXQHDPWvv63j3+thW6n3xeLn+n2SRwfVOO3YXQ6aeeJTAYFnD5/DWzPBwQpijJ/OVRiOjtzbPF97IVFTPPW1L/cPtcL8H5myS+7N+tnrl+ycp7X2erLbI3EE2MNP5+VODgxy9rtitJPdy5LU/175czgbff7npxtk5xU8aDRI6S2E0LQjtrNvJMPBXDp2s3I+7GhaVsevUiZaWhKxg+f/d+YjGdzbetZNfvUwG3hEUMel+tO3eIdfVkZsaS3M7o+x3lfNyJ6owv3s73WLz7pnVhidD3jXuqzpXMPqX8aOot1ey4KqOXWZ6VicL3unR1z7yZ5PLMbsFSXRPGC+Ft3KJM3nXH/xt6/J4p5BEzwyJv+p+ufr4eXhWRNOX+hV0dB7qEEx1bxHMSJ7Qxc8wu+qB1cB2PYDWj15X6iJPbFk/b6rPHiGXxYUcl9/ppW8/tvi+btP1X2lureJUM/jduDCMcAAA9N/+V	UM4468-NPNA00245_00-0000000000000000		158591904	
NPOA00279	EU	Zen Cat Simulator [Unity]	http://zeus.dl.playstation.net/psm/np/NPOA/NPOA00279_00_D2442AAD/1.00/NPOA00279_00.pkg	KO5ifR1dQ3IKmI1FnCTg6mtgZGCp6xfgD7TVyNwS5H4DNDCY4oOpsZ739Z/rx9Yq35ZpvDi341Hj+UMPjDy/606U574eHN9q1SA153R1yEyLQhXVWSmKnoUWHyvE2l+k6bZFmmW0Sp7cX3bIS4xPs2vjo61ybumy5t5rxK7kvPnepBPHwKD3dmlKlqDUzosT9OszvpxWedz9d3rclaoa896bb8pNfgabWFurnZ4x4fOJnSUvzu7TsPWd/u5rr9aa8vp6BadCDuHHxup76+e6sVoc9dl3lMvmB9PLnz8Pd+53Ws3DPct+cfjMyIslX2pyVjL2CKxfuOPtsp5vIksTPe095l4QqMm1vaZy2Dryb9mKvW/EZljN/Dv5OO+LR7Oe7kj4Nfl2ztnJW98d5cotenHH/NuVQ4su3kzZtPZC86HbkfImHZnFdW3/z2RfiWis2OD8cJ9l3qmLLAan9Uqn/9yl5V0Z8mWOaGKFS53LBTU/nbOn/fK/cOXLx0W2TzTP5Fx0dNtCNYvzK7cVTmIszLyo9HttmMZXfqFQu8xLCY4bWBgbLU+lhr47snfG9imdU/nnBlrfzTS/cowndIb3Z+buSkaFs/0TVfo1tU8JzY2RN5xr/IAz5c8FuwCFiyKvnLb86Ta33aH7rCagzs7L/8Pna2/UPLqPLf51e+YEu3bOWb1bM9V8Ny+YfWTnkktOxeIrNdtKHGbve8UsWdfyOSGNw/jruvIGleKZT5kUf2X9Fvh7x/xKqq63s7l0+O1DLgwjHAAAH9sJvAAA	EM0209-NPOA00279_00-0000000000000000		57557424	
NPOA00223	EU	Daryl [Unity]	http://zeus.dl.playstation.net/psm/np/NPOA/NPOA00223_00_D8E05089/1.00/NPOA00223_00.pkg	KO5ifR1dQ3IKmI1FnCTg6mtkZm6u6xfgD7TVyMgY5H4DNDCY4uPUhv8dN8sbLig2rv81+7vTjm3Xiw6LS9x62GgdMWOuE/85/859HhqlZ1pN1hdfuWRUv6mdY57RGRk3U7lZ8o/kEsu3zd1Ytugzz89z64U/3Whff6ZL+IzdCX3Rb8/0hVMD/6cJsa1K6NM0fszFE1sWtv3CdUOjq9xrn3bF2KnqTFjDnPbj5BTViT9n2+67kH4mR1rKaWLMvqK7eVNEm1f6HbH2Uz4g6rzlx82c+YtmtppP5a2dueGoZVRUik/dGreHG4Lqjx8t35zrFXN1SXR4VP0ObxYdMdPLc5ztmPvW3uaZ0so95cfrsz3VaSy/3jutZnvXffHgfLlPZiuOncy65XH/1/VF03q3nLjdoX9Huv/TZYvXAlUcIUp+j8Jbcy4J3Qs6rtWd4S0TNPvdzc2nJX2aA6179q/YxOV5Zf/+Zf4aF7KrL37xNJUOct4cVn/9jWf7wtmmmcH32c9fyqy590WKt1ndWWDJ536OLyaaszhfSKa9sjnx+3BMhpbhRA81Z+ucPjufud6Z3Fv00yZw5X28/KJSuCvi1JEloUt91r3jWbS8m5PZJkPhRd+u/IvpHRIOeTZi0vLxX89eY39WOK/eZcnL16WvF5VGNy7QsEmf/30HR5NbCa9a680Lpzt6dqdaXSnY8txiUdxjx5dnzdVZfwm/O3C28hjHzgjP89se/cp4y7FoI8e+KaWvtzEvjyxxPKHsavhMp49hhAMAQ/MLhAAA	EM2677-NPOA00223_00-0000000000000000		116800784	
NPNA00284	US	Dynamite Dude	http://zeus.dl.playstation.net/psm/np/NPNA/NPNA00284_00_CD8C389A/1.51/NPNA00284_00.pkg	KO5ifR1dQ3IKmI1FnCQQ6mtkZGqi6xfgB7TVyMIE5H4DNDCY4uPtU7l1URpXDZi+xNZUPGgrnZwafrw7oYq15NRd5xTZl69L1syvPP2xNbNr97ldqVXibvNU3pr0Ox1/+Knt0un9nTZ/2N4XG7VVMVcaX9CV/vo7gm2dE/dVD8W6tZeKGQ8kH56+as59heubZS04dKN+be1vbJoc0pKkEF75cu1juX15N5IY20+/FZ34P3/qEQubmFuxovJv5VjLcv48eDV3Rd87m2qeGZ8PRUu8u7s80HwB/9zdfw2ygjU75rX3/1OVqZwuavuz9SvPummaBm/mXysrz39kXCarlLi7PKd0qXSxiPKT18rLk9juTOqp+Pt0c/7e38G3uaUaqlpcDSbZpOwStJ3M5zxBOfXR5ce8WbvPMAnFKO9ZE1EsMdX54hQJLwFReZktky7XFYrPVFrP2++Vtby3om3r6sfs4bZXju0O5/h3ekfxVF2NF/dPbs9/bBYWzLVeLXL/giXT90asFpiu+dRnQ2PVHiuRbr4bz3ZLP7ryau1aky8dRdNru/h3tT8zsLx8WI1jSv37RXFsZ886Ss06EZfPoH7Ur6YlqeB9dsvTn/36u+SmvvpQcO9251GNhKYNuysLIx0DrcsV+/kdFZkDC6tXPsua9Fuu84Sp8qfAQxY6Ig9KQi+xBlvOsncquXzp8pSZS+M6ud+efyh9kH31NIHLep+uFlnEmYonfmAXaroR55G4+X3gLZXA7ReUz8VumOM8lWGEAwB1Ngi4	UM2254-NPNA00284_00-0000000000000000		7867488	
NPNA00279	US	Pixel Poops [Unity]	http://zeus.dl.playstation.net/psm/np/NPNA/NPNA00279_00_47162142/1.01/NPNA00279_00.pkg	KO5ifR1dQ3IKmI1FnCQQ6msE9KCuX4Af0FYjc0uQ+w3QwGCKj+i+HL7evpIMs6WejJPDwzLTPGsk3bvYFrmdPj116R8zp0NmrktSdufNOrLHyfZbu7l3i8/fBufQFLbte7J6nVNucevsnHdpwzVd8ZnijAbSb8/mnVl67F/uZi3rxQ9W6ns6sj7zcDDrdunWczEXdV5yYfHSTPUp89OjbMw+C1dcTT3u3LT04jGds5ohm7ufpsxc+kbrUefUA8URrgxaZQkGE1uv/NzDsPzedPEEBkY3sbfcm+9xl7wz+H3n6XXuR1sXxq56afX2YUlkzh9G4S8X7ndIiG+edkjx0VnO/vWik+QKzl4/Ectf0bdN+/66I+4iZ7bxOETMnZBt8naFLW/1eg+7/P23b/9z4zrNfd/M73ZQVOrlXbbLiyNfJJSEhZT3yBjXzeWZHhxw+6e2nhtzrFSIbrzOPy2Pag8mrZdfTxQfc+tmOhRbyBV5jEEhMG4hx9zSo4VHtgu9YJuySC7x5uvVn//yvvi/e5O5QKXsHZ9T/lKX1zyX0DjJ2mMWP2uOF++6dd5Wqsd53mRvndwpqMrO83LP541zthXO+bQqnfnJlD0PJcoO8Cw/ZLV89/XcjYzXReV19FXYck/M/7pl0fl/epsffP1/3XrXnxMSR5Yxuey5dVp/juP224UtnYF8E9hDyo4zKGV8uLdwxp43r902//8gZcX+yDrt5G6DlEpz4Trr4k9n/itqnPxYFjeJx/MZr6PPh8V2UQwjHAAAyjEEkgAA	UM2009-NPNA00279_00-0000000000000000		21752592	
NPPA00255	JP	Hamster Crane [Unity]	http://zeus.dl.playstation.net/psm/np/NPPA/NPPA00255_00_92184128/1.00/NPPA00255_00.pkg	KO5ifR1dQ3IKmI1FnCTg5WtkZmGh6xcQALTVyNQU5H4DNDCY4kPpYRTXLKv2K6ffs9oEve4KdbpsYiP+536ndoPZNA7WzTufZ9UxaObNzhDqlbmXKnpxs7KGze1dFQuWH5i32u1Ku6agyKnHfZ4fxQ23KL1muzLF8XbMlN3VtTfXKpw8Z9B9uK7/OaNinvi5Wk4hsQVr7LPv8J0xWxbHOedWtHWJ/vS1k+9e2Xx7ioT7w4PG4rurfc+H2XVn5q+fF7iZ/znjx/Bdpf/Tp61OOca07+r1Kzo1XWd86y9lck/ewZDbxm6ZGf/dQaFX2bhr6v2vRtNzJiyUsl75Mz5ZQvaXfFHn7ePBe+z0Xs6bP7V06/r3ranHDgvHhhg6X9Y+r+syXfHJpQq17AWs/Vv7pr96vSx/SpTj40mW+/pvMe6f8Wfjc55//yO/lL7yidS2kL97c7KgO6tZW2X1bS4X9ef5zzf2bypfs9M19+Y0hvZS3vcNG+o8mmQF+T95ca+bZSTy0/qAXOaEXUevBIgFywZsd/RMqT71Vbxwg2bas40LI+y0FxQqKn+rabxtXPjlnGyd2dzIjGkO87PnT1D/n5AoxfP0jrLzcT4B7qoDprrlG42EzhpkXpqTcvk9S93B5H9NE78dNk/5Fc/LeyGr4fSrbQtPf+Fn++4gc++IVED2k1V9vb9Yv5hKbXM+7OQltvbtLdlTew8dvO5YteSWgXjZHCHdudsvr+ePTVGL9lgxZ0fNVM201BzL/bpKG5+s2MswwgEASKgFuwAA	JM2688-NPPA00255_00-0000000000000000		61872224	
NPPA00314	JP	The Crow [Unity]	http://zeus.dl.playstation.net/psm/np/NPPA/NPPA00314_00_998587B9/1.00/NPPA00314_00.pkg	KO5ifR1dQ3IKmI1FnCTg5WtoamSp6xcQALTV2NAE5H4DNDCY4kNhTcTh+0k7ZuW0pGQoPwkL57iydkmZ2awPPxtv1vslyisEv2cv+yaz/iOX/rrzc0O7Na+U1ufvcTt99yHHOcf9m5lsT537/vvzw4l9r70tyqZn9i51tw7N7j8z67WQltbJ1fdMd++ce/LEso1iFjnG9ZfVb+3dsvv/HINT9z4FBP3b+Mqhxyb93BGb+WtTX9eeaOhUNe9YXh3NqfHLLmyTROiPhFMVBU8TN+prH4ksPbk218Rox+oFpoE36o02Wa7SLImfel2nVefdCtE44bMbEm8WV0TuFtA2OCO0QFyp3D5KPzDhXXRIrWv914yylU7rdWQ9287JSLcxzjghPitjyys+ry6BeV5ibye079SROFn2xljvk+alpo36puvamlLTpskqZ8/ILVqxKGqv/76Kj19mv1x+zz1kyl3PTYt4j2oaWHTWWaioh+UvUVi30nr3xQ+MBR/2Te3j2nH61zp2JQEfr4KnNSs7HZ/Ou3fMVHS9wN7k2D13Tr58rVZzfHFAodn+iCWCNlr7Qy51ztjpk/T4cmRLvkiSmmvQzcVSjw62Z065HSmV1Blk+aN7Kv/00N6Frfc+RpwKjL8XNMeaW01576GvRoy2xbsC5O0WrtY6s6PR6K3Xvhbn2CePQrr3fo2+dqZTMfewUlO18sfta7ddeTNhovhWFYP5bCpfL7vYcbIHqZrn9q4zSeV6tdZb68393d7sytMuzmEY4QAAJtoJ3QAA	JM1529-NPPA00314_00-0000000000000000		125987680	
NPPA00315	JP	Appli Archives TEAM RISE Vol.6	http://zeus.dl.playstation.net/psm/np/NPPA/NPPA00315_00_0353C0F4/1.00/NPPA00315_00.pkg	KO5ifR1dQ3IKmI1FnCTg5WtgaGmg6xcQALTV2NAU5H4DNDCY4qOuoupaulDAuil67HxzCvuX+559VNFz/GTCkdUClYKbrOO2Zlo+kw7NcpqU6KU0abZUZcL1GI/UvgXVLRtqtZ2PKzvtbuASfjH53LS0JV80buydZWm24jLfojcRk4qjLmzYUX2u+npAn8ihQsspH0QLGxJiJpYJerxoyI27zviyoH/7DQ0fZ+/efZkaywVeBDPHztMIvl3a8TtF0Ls3+/eUsuSwvofy3BeeKWyuNnxp/8FVtUzXyzf9RMvRK6LWZjNUZQTeR5rXOvi8iuXrvLnr5ewbX9ZPn2UoE8ykqDB/ZpiGruu8fZbZBlLdRx8eWXW7/Ui2Xbn33ezfy79PPrHTx1UuqHNLzxo7jpbznO430jdG1Z5dUrNqoYiB86SNLRdTUmf828kb1Xv6z6yPK9TXBUw6GtKzvefYS8mp3JfdjRM9audxuvzhver2kOPK3uNfNdZUGHxUPHliVfMN6bkxoub7J0vs1T2ayKA0c3amRJIo4y/ZDRPFFBufNEVyxh2T+NcukPnpa8xG3aYH/NWnPWxWBCQtCw1YJ7x/c+Xk7MVRdV5zzPw/vXWZ2bxfLXjRa7Yfp7/KTbwg/XjOmbkaelsfr+b6oHs7JKD44BwZGUaXvmwPTSN7r0Xhro8D5Ka8S+TU5Zm0Yc8u4TahMONJxQek8n7k5yYm7LbvniPxqj566wzOr7NO/GBbu2y9FX/ThMpI1dvbJ594yzDCAQDhFgJV	JM0190-NPPA00315_00-0000000000000000		34802176	
NPPA00232	JP	Appli Archives JALECO ARGUS & FIELD COMBAT	http://zeus.dl.playstation.net/psm/np/NPPA/NPPA00232_00_44D6EAB2/1.00/NPPA00232_00.pkg	KO5ifR1dQ3IKmI1FnCTg5WtgaGmg6xcQALTVyNgI5H4DNDCY4sPv4kwFQU2vyUl7tre9CD7+sPDcjLC1TYkpnh/mh75vd2+c5vl324Ww89bndhwMzEi442pYp127N/5N/Is7m9mltCcu+7jDhWXxi9tHnBL2zWEXclth8mZtV7re3NLC13EKEw6bi4k1zHCZ0cP8WGX51O9BxzqWZ9xQXhR7s226TlNs1vZnB3/qsJ1xKL2VYpGccFmeu6/YOSdmidzPCSermENXPMn6HSBly+ul3yzFLSR0IWi+9gWRGBPjFO2F56MentAxa1r1XTFm9rRr69YsEqjnfX5hYdO3xBPP8/7zZGX+015y9/3sudWRrbX6UmabhYq9whTmFCc9Whx4LffxjmW15w90uVZqlaoznaopfHR2S/nXzG7TKec0G9R/N6w1nt6rcmTrYk435Zw3d64c7jy/ZfL259OFtgS9Dr/QqCQ0/fy0LjWvvhmdu+4EzTvryOFgujVtutziJnkji0XqapkHAmeuSMt287/JGF/1/ump1fpbOD2lnxevC2y+UtO34qpD1qnZemyWQm1P/HTufxIyCJY/KLLLpv6V4rUvTtbeR9X/djy6vHbrltxF9+5ZaXPq1hRtZj9T+PTI3lXfpqaIF/IJ/5/PUC11JOtlIKf+3lhBt9yNigtvfZ19/n2l2+5Hl8TtDxju2yxp783kETqtyrs2OsO6+mX7gpfBvYyPp9kLLWN9dc9j6TwBhoT1hS8fNOkGC2XuMmMY4QAASjwHtgAA	JM0190-NPPA00232_00-0000000000000000		14425936	
NPPA00226	JP	Appli Archives JALECO City Connection	http://zeus.dl.playstation.net/psm/np/NPPA/NPPA00226_00_5ADEA5D6/1.00/NPPA00226_00.pkg	KO5ifR1dQ3IKmI1FnCTg5WtgaGmg6xcQALTVyMgM5H4DNDCY4iORvdZgctp3loU3ba2fLmnc3bptUo7hoqPRCVUfOiIcWxYcFa4qtn1mlXtvc8BGPh2ze+9/LbZlv8yQ7xd93LjQsaVeb8nJ2CPn/cuSHuqfsFXbePpq4JsDm3ulFu750Nm3LUtunaGJ3D2vh5/+CCz63vn6ae/FzA/FwbPWbqp7rsd3Q/Fdi7fsxlczc08fLNstMMuoVPOT9btG0evLVn/++zn0kvern3vOzXZ6s+qOR5pkjk7l85U6xTfehv6OKk+aduzu7SeqXqIfBb90lJ67/DN44kUOk7w5kVf6frZd6Dmg/Ed2c0+jhtRqkbXb+P7Yv2J7di6PNeHAVUXX7T77FL+e/cCp7noxLMc6+EQI192EuQqNDdcNrQK/HNELFfxTISLUr/dged0/IeUdWr27js72vbaIx33eH2WPdMf1J5ZOuyNvuGnxle7qY4Kn/Pbt/ZIjmLZJ1S9Eyl5k1vcP09afXMwoZLhlz4eyP/VLvVfmH5izyN7m/pXwJnlNbY3n5tEGi3dGhDoZzpu98uqP8ovamn4vX6pf+OWg8Oxo8g5NvZ/TT2S2m/lLZQpEtZSWNyxNWiC+ddKXiRuTnaTrp9ZdPtg9T23jHLaqmlbeEPtLRzPt5KRcy3oYuV3CjomV/lw90Znx1clt4cLHqg2+Xf00QY/X8H3hwSvboqeYLn1bmDn70qZFRyrCftto1P0RvLe1rMbp15LmGTcfM4xwAAAjzBQn	JM0190-NPPA00226_00-0000000000000000		16877312	
NPOA00262	EU	Star Sweeper [Unity]	http://zeus.dl.playstation.net/psm/np/NPOA/NPOA00262_00_D0883D32/1.00/NPOA00262_00.pkg	KO5ifR1dQ3IKmI1FnCTg6mtsamKs6xfgD7TVyMwI5H4DNDCY4mPHf1Flf6sLeWa8NkFXDv9MOiWWzvqHf0vUiXdyZ9iLDm6I5Ob2uvbunnb8cYUD9+bzdOofOsq5+bjL29flmb8uR2S9/d2xSjHMVCVTUuRY+d832iX1SzutfjcFnhVYxR8yN8Bi9qJNsye3ZjnkxXzhufNzRXn6rW0z4oteTrX8EzTv5c0auYmT+O/MT/jYdsLpdp5/9sM/xzqX37qXnNT8yO/MwXU91XfPh/QV2PNtfcqdnJ059+OkKbPjr9kXC4oHb5qj5FR/i2NVTUHRn3VN63lWJweub05PX3REmvOt8uX2SS7r3Q798plkeD7jyd5fs96f6zvyQU7F+vaVH1OKJnatWlby/Eh+SSrrrM5S+SrOUpaFvPoHL9xYmH24Knj11A1ZczzalhqqBP+4Y3Y6etpcY7d05pANJ8RieNZMZJWRiOt3PL35f+G5Mr23Ei63b6iWHHM5f9nsvsybqWc/8+g2LjixQUGsp3LeiWknGpVPH5ep3u4ywTgpJGmGmu5mc5MdixakKlod/NbYvOYHh/HJjWu7b7P/uq3FoGa81utRGuvz8FqWdzorfGtvORcdaj15RVJsxSeNh4e+bhGKtOe7enDZkk1rjv19tqZGTpLtRZ5JmoTLnLrvtXUrl/m/FG64Jd/WHbeHd+H2ldyuH6zTV6Rxhc05XLr3UMkp5uWzCtrkBZ9Nd9/RF1mwfQm3qKllzK4g/tmnEl45MIxwAABuXw+y	EM3543-NPOA00262_00-0000000000000000		47082112	
NPOA00243	EU	Ahhh! Asteroids [Unity]	http://zeus.dl.playstation.net/psm/np/NPOA/NPOA00243_00_756CA3F1/1.00/NPOA00243_00.pkg	KO5ifR1dQ3IKmI1FnCTg6mtsamKs6xfgD7TVyMQY5H4DNDCY4oPXQOygx/O3R89Y+x34b+7B/PXccpfJDMuP5enrfcxX6mya47vSMeHw9bmnVF2/zy54yDUlKtZj69rk6Zl25cs3TBPu0Nh8N2mHhB9brD8zy+vvJzwFv+pYKD9Q+3HvXXZd4zfR08durl1wUC3eU8Fz46E1dyccavy7d5kYb8dS0109M0wbJFV+xRrvUTR6mnx+2RSF1ILt7T/8xS4+CNV7bs18VLbYIO3O052lQkbGWkvdGIKLOOpCwp7znk3svn998rkd76ruFt2Vk74mVX/yf/ChfwUlNsWNwkcMF8Q9mpzb0GucZCxelzCnbIGH8Tz+kNCoE0byl4/4yUhMXm2w70j8Rhe3VfktYp56V6/tF0rq3ibm6rfnuVvu04hfWlsmnGTpnurd5uE/W6utOH7lCWvZVZLPpB8xb7p85U9tX+mE+XnBpz9Gr+jkDDrm/ny16BK1x2x/U4W2vOeJ6U98OetTXOn6N2dtM6z4rf02fLkzq/mjS9YfkatMGscPHDt3xUfIPujt5c7yX4+STsgHsc3dJyZjHaN8Ns75d7n40TVrXhVNNlgvfT16pfDjY3qcRt90y9+90E/e48LzdSL3jC6166t5prsG5X5UvdiUnrtbb/OSf8xKN1S4RS5tu8L8/o/irtLYJP2F+b37Krh4owquLV/0K3Ar5zr2uxovtp+pzqg/XVLmlH6g71EF55UJvDVHZUXCY3fstGAY4QAAD64HCwAA	EM3543-NPOA00243_00-0000000000000000		32679024	
NPOA00239	EU	Cave Squid [Unity]	http://zeus.dl.playstation.net/psm/np/NPOA/NPOA00239_00_1D613776/1.00/NPOA00239_00.pkg	KO5ifR1dQ3IKmI1FnCTg6mtkaWGk6xfgD7TVyNgS5H4DNDCY4mPyX+9oufYEk7mzNIIsHLLYc/4k1MSeXHXTznBh0AmZ7BvSXS4JDYyuPyKWFgjlvJm+YUvy78fXflkbebPndKh7hZj++79091PRBTYMLv4Bzd/PhS2bOY3b8kff9Ftv7h7d7uZQfX7t8pm+2X/7/OOPL/RJ2B508Kvc3ANlCc+mL/bqPlS68dC19RVdjt2Ouw+pGVROZ/I46JWdfs97VrNaThH3a/8PCVxH7q7+8enfdz6utY8sxCu3qLH+eqz38UFeOuusVezfokwL9s38FhqT5z8n/MDdY5cKJvcyeEee9avdMPWtbErgWxkhrQMb7Uv1RCuvn1ZW+7RF9oCnWZt48RSuHXNiPdl2fJgsMyfs22WPKxIbp8efOJP345Bijsbt01tW7DSepHnzYuCpovezwy59+XtI8KvDfPsVh+dZ54UfkXKZdu3nQ5OHmfG5ebFXNXStJ7THzjO8wrniefl6iU1PxFmqpp9+tuwEw5OCgriIHXOzjRyzvjyrytn6OTvN1utZqL/Ag38NL753sH3Vb471t98XPiPs0NPr1vsEF818r7HOWHxTapRYR2LEHmFGLv35t9cZCuasvJfKqHn4wTJ18SUzX3nqyJ0taIlTStrYscJ0jfGMnZ4Z1XL7mO6whT2PUtHb3p1g8s15TnF9Zkj6lbeye8Mq5tg6LZOSvqN07ePCggsM707GHG/66NprJVnSmqF4LmtOeRvDCAcAhrQL4QAA	EM2982-NPOA00239_00-0000000000000000		102567072	
NPOA00169	EU	Sit-up training	http://zeus.dl.playstation.net/psm/np/NPOA/NPOA00169_00_511226B1/1.00/NPOA00169_00.pkg	KO5ifR1dQ3IKmI1FnCTg6mtgaGiq6xfgD7TV0MwS5H4DNDCY4sO880DB7bSd8nP2WNhvUjvfOf3T6Y1LrkocfJzntaNF8bOBqeNj1gNLrqQX/eYrmvWNs8Q+b37MIUYrZzbfNvkURj5p8StuK4zrv/FnLeVMsf/K0ajwO3L3P+Ga8ptP7ngcOnhR1+rYSuX/NXOj+Y3lIj4uXTDdrnDVqVp1+4SCORvuZ0hV97zLFJE7G3p4XllegGmaiWs6u2jP18YHq4wUcmIN93/zf+2+XKcqvvCiUpwcT02p8GSeULGSANfDTqvM3iQJ5FmohPuJ//qYOs1c3KvOVZy17ECduGHX0chSURWxmZc+v1XnN2PYUMmWVfewLvLwx+iEJC2OktvrhCpZXzfn719o2sIR96Hwp7JIgchPvj6Zow4FWzz3dD7MmnZqhSe7gmXbltZpp1kYyj16++sOP5c+++Wx2WKdtAXBjtNkzfr+h8tGs4lXfuK0TUm+2WbQW/0358iXiBePjbYxW07yvnz28OSSc9eqXY0EK1vDdykv1WyZIsW2JzVaq1bv23QXhn3GYdOd5FeLXnNqkv1fd3dju9LpmRWl1gnSgg7JBqEB38NVn4eJXuyd6vnS1Tdyp/LRx4WyDsGtvMun7A+dLXRpQ4WE0Vm+sK/3zz8wL2zar5D2YJLWZ6klR4XUlGs/xRa+ONEYlz8j/cnrf9HR989N21ZhJCX49dtqw3xD7hVJ2aHBK9JuqYlF/A95ZLc0R34NwwgHAC2591sA	EM0115-NPOA00169_00-0000000000000000		6541440	
NPOA00193	EU	Jaggy Race! [Unity]	http://zeus.dl.playstation.net/psm/np/NPOA/NPOA00193_00_C3071A5E/1.32/NPOA00193_00.pkg	KO5ifR1dQ3IKmI1FnCTg6mtkbmqh6xfgD7TV0NIY5H4DNDCY4iPeP+q8BU9mBkNh6NEJ4lsU+WO2X5KNkFYts2afovIxXqoo9IJd9KKbGw8EnTe7zbEhSrJno9yi0GuOEg/fFa734fI8k5TeUNRY1tYm+9L5Zgfj2yK+HJFnzqtvhxx4+isywvPW6XNKL88Ypz+tdpSLfXZcfckTley4c/qWu6qtEl61rD8acvfV/6nqwYyhq0tXLffwn/qyW68/81Tk/57lKvu9Lu5gtinbxRM4ff4K9ZtHNrxs0CtWfBN0gDWn4L7qBi+P0vcFPtr7oo9/Yo/6+iZ+svq+83/jf09emHPGoE85q0Z/k9R6x9se0TcaKhu75gfM3TH5iI31CxHmqsjvbK7zvVdNq02+VM18c+lSr1NyaQ5q15j0/PgyNOO83qzZ8umvt3nJ1wPf+Su7bkzKse/bvV/AZDZr4Ox5T66/kXX97VGnlLnki7aKcrb2AZ7OE9oe3m0/1HbrSp++rxX+P+D4ao8pli66T5Z0uWgUSd3Q4ptjdG3D9JVzH18ve7jZvOyZq+nCKZUiOlKz1+qkpp9vXrNw8p0zodqP1z1+68PC8FLhYFPld58F61+m2m398rqq46FxWwabaOw/yz5nt3WW/kGLPWQ9v/Lct76xmrdIpWnBp/lbc970PdIsOmylz9D7Z1lWzopJFxuXPXgs+eb+BYWF2Vt+my72/6B++/rMxvcs2Qcn3067UqMcEz/hT7TPUd9Puw+GVjKMcAAAdW0LAQAA	EM2758-NPOA00193_00-0000000000000000		192865088	
NPNA00217	US	Delta Strike : First Assault [Unity]	http://zeus.dl.playstation.net/psm/np/NPNA/NPNA00217_00_5398AF25/3.50/NPNA00217_00.pkg	KO5ifR1dQ3IKmI1FnCQQ6mtkZmms6xfgB7TVyNAc5H4DNDCY4uProtSFl3dvqXtwcmH2ri9TVx44H2E7f+Hmk2kTTBzUSn6pmJzzOr/l9pfZP0RX323luaG1vtlYgTfnQwbr2j9OLAv6Zfd9XZklvPOrnWfmqwxhi8vXje48iT69Ia7tNee7R8ZdmV9ETBVmnJhRtCCebYv9w6JahczzATW8TQpzV+w+vezVVB+5exNjQj80/pDpPrphYfqOZxW777+z07XTOmv2iv3EHy+5da/tmCoaGvx2nnbr3Oyx5nzOK11T5oZDDyPs3n62ZGmePfGdOmfg46NqLQLeb7ykJtQqzt3OpTbP/LaBlbSVspCtmM9My+Wl+5PKbY+oNEzdWaue/XHCJL+Ag9aiT8P6Hu6UzzglLyet83ySlsY28ZtZu+XelHc4Ms2MNTA4e/fGH1U9+ZzrBzdx2d0P63i79HNLwdvPy54UCvxjrpb8b3x/h5DN9PCtnz6+Y7lxReBwDF/XTW2D1wr2Sw/Pnn/gNsfNgkfHuliCIo6dChD95RX1Pp7dZNWJ0C0NVy0laut/v1qiznY540T0+uSXxj3RYtH/mRxlXPZKr/98Y119nnGj6qHCd2pTehqMes53zEhPVImMvXNiJwPnp/MOZUdPbrr/Of6l97vVqv+tOq5clDo6rf3eC/N0t6KEA5qvRA/XfTrcbrr1FtNGbZPI8vq+pMYWSeb1Jx2sZxtbH1/189q37tN+3zxkP7Pt5jhlfOGX2rFAhhEOABzjEDwA	UM2693-NPNA00217_00-0000000000000000		201403440	
NPPA00236	JP	GREEN ISLAND	http://zeus.dl.playstation.net/psm/np/NPPA/NPPA00236_00_87B2FC01/1.00/NPPA00236_00.pkg	KO5ifR1dQ3IKmI1FnCTg5WtkZmCu6xcQALTVyNgM5H4DNDCY4iP0/v+L/vpc3yWuP/y9wXNVjPMLsd+/BWQs/E+ohakte5vRaHvyRPiaNGmX+3sc71kLL4qu/fdSwHtNy7/EezMqt5ueeORuuFvpUdQecR2BEmbfK2r+ggprSvZx7VRYxZqWyt1ofVdPg/neS/ujVzc1evs6FMwp3sX9ZZGjdvazFwedH8zjOl128ubjNzf+nrwmVOrq6FDb9WTx/xfbFlu8S2KtfyJ8epqq26PKyf/CzV/uvLwkUMaIbdOndXLVuh8WdpQuPcCycAnrAeE3M+e5C7XP+1c4f8n3Pvt/04/pMlieL/ApTzDe1L7+0/tpOtNvegfv276+Wsg7sHnNUm2P419E5Sa8nfYln5nR9d6O1tcPf4Yzz7KsSddct+zCMt+HcppbX5VEvDAxNOiecn/dnARXjV+RKcZGG2eI3Bb8ESVy6Et87US7Cb/ZfxTnbDH0lPVZGWj0+aoav5Npkkr2nlabwDny79OKJ/9jtg06wdG1Jj5ql82vbS4q568F/QzIsOF4KXN4wwfT/7OMToryfqyWKVv0/PEXt7fnLdcHL6+XlLgrIG+hfs/in01ETl7gTTv3e2wRh/NnXr90JI5z7byYQ9xvTOQnuU043WGqL/ryfoTc6R9CG0Qqi60e7Ik8WRIbERa5/+Mt8aWTpAP3PvG4Hfkg94TR+l8Pu1u62ZIfWnuzzLJ8yz9ph4S9zru3sz6uDPl2M0RSk8eCYYQDAMJUC0kA	JM2607-NPPA00236_00-0000000000000000		42415424	
NPPA00215	JP	Tower&Shooting2	http://zeus.dl.playstation.net/psm/np/NPPA/NPPA00215_00_57ED2812/1.10/NPPA00215_00.pkg	KO5ifR1dQ3IKmI1FnCTg5WtgbmSq6xcQALTVyNAU5H4DNDCY4uOJXfnEx11a+qZ2Fl4q209v2Co66dv20HWpe5f8mTApcOdL03NGV29fSO9X/mrjcOo75/ncB1o1iiUXFKYcfPZGtG6ON2+/1cygP4FtPRot9veed0R9U3bYojd5d9Sa2pg1t2vlF189v/GLfo/11SCGSUo352i95oluu7DHrWce/+cIiVU5jNONNuz9xHlUdOaWKaVlPd/LpQ5pNDxd+p7xmKZ00rVJM24djr609Phv67e/BeJClkS/3r1una2OmbdJt/eH87Pctysv3F2/xcPM4ggbn2vQBIcJ5la2Ao+v9U5U//eG4el2g3h5V5ObVgo3Sxj0Kgtu33raeqL8s8TMGZP0HG0O/tIXZJjfv09GTGYCv3zuV9dg47i+x0Em3nvVn2m3CZrXKRz88ctz5pyoHxuuqrPI3K7aK7JgsumXYx9Fsgrvhpm7fXkXOWGJyTK1mw+5z34/6r9A0Lv9GcekQBNBw2blhK8/TW4dnWVSV3xkaV/eAraCQ8Iqrg1aV3MFf9V4uyoV6k1NcC2cfilFuS7+br/65Qp3tbPFSrNF/hyd61bbkrD2Gmv1pMqF7BIH97zl8Lg8vaSowNTDn+e1wQWj+8afRCPOSHqWH5r7q23trOUCy/YJlzldml0x9WnwG98fq36Ez1ESrYnO+TXdoaiK+80kUe7vc5aZ8/6c8SfXssQx87VLqc2kNdfKOd+U5Czo+HhI1swrdRHDCAcAJ2UHZAAA	JM0725-NPPA00215_00-0000000000000000		21184976	
NPPA00231	JP	Appli Archives JALECO Momoko 1200%	http://zeus.dl.playstation.net/psm/np/NPPA/NPPA00231_00_45B6B77B/1.00/NPPA00231_00.pkg	KO5ifR1dQ3IKmI1FnCTg5WtgaGmg6xcQALTVyNgQ5H4DNDCY4sNva2Ba6HrGtN5lt3vn6LVmzrmiscpDpPlWlcA12fyw64mnTAW7LTq/bn5924XlkNxLufaui4JFmlKXdj+It3t5zq3IOvX6kmbPd6wXy/N2pDfN4n52wzVoT7mPGHOPfss6SRO5aed0GATs/k068XtJ+XWLY7947nIz7IiZUzFbKDzQsv/9I/a99qcrRPuW3vzG8mzj+mMte6I1Sp75Trm5zs018WqdttOu6LPBU5Zz1PuJtu7a19vbGnxh786M0g8fT+ZY8W+zF2kxyomOr3j585LG7gDJWI8lFm8mr1eX0Gb/s95I9VrF3jTvM/4PXnkWB6qt2hw44fnOz1OtTHiaFkyYqZ6xfVJb9quP3DXh9/Juz9iZebfJ1Kg12urbsb7bWeE6poadk3gD78c5hhxIkLgsa5UmcPhD5YpjR5Z26D9MefOF+RLvL1cfkeIzUbHLDdm/CVp1bronafJkyodGp/kV9ScS5lm83BMbLD3L18pXuMZCi79s160Dqw3PFbem5OaYbl/udrVh+cN3s89sCYrdfZihyG6ivsT5K5fFbdnfd359lfApXzI6UEWx9x0jd9rdR0t999moyT7j2nRc5U9lIsPLJzMqZTtFNR2S/c5v38d5ZUKHt7n07cBdEezrYkRrOGx6X1UlfY+vtzt78LlCwMEpKssD9uz4PKdIoyeOMSBzYe5t6d3JT28KxEzRU5t39p6ZsM4chhEOAFU1BHoA	JM0190-NPPA00231_00-0000000000000000		20469920	