Title ID	Region	Type	Name	PKG direct link	Content ID	Last Modification Date	RAP	Download .RAP file	File Size	SHA256
NPUF30010	US	PC Engine	Super Star Soldier (PC Engine)	http://zeus.dl.playstation.net/cdn/UP0555/NPUF30010_00/TTQxkKBrSQqVnlrFPItyMtpfbvdFutKTFSSFuMXxFSXFzYNZmwClRvdSptWzIQiKsdWncQGYUCCPnvJiIoeyDdHMIioTQlFiEVQoq.pkg	UP0555-NPUF30010_00-SUPERSTARSOLEH06				14338624	0129cff66d0f1981e0bc03dab5a7cec7b17bac7ddb81e06d4a659a608a16123c
NPUZ00162	US	Minis	PREHISTORIC ISLE	http://zeus.dl.playstation.net/cdn/UP0576/NPUZ00162_00/isJfZbTdLncvrrAirzQWgqAwYhotGQppRkeWIXRTXkOnKjCaLOjgTdNeeizxCnggCVFAteCskWnKMhGqeJWQvFxqlUjKHSwBmTlZz.pkg	UP0576-NPUZ00162_00-PREHISTORICISLE1		ed586e86e64934406f4d27100866c723		25058320	98e07b0ce5cbf55376c56776395abd33a761b4b2dde2f054300e0e3f852563c1
BLET70018	EU	PSP	Gotham City Impostors [Closed Beta]	MISSING	EP1018-BLET70018_00-IMPOSTORS0000000				0	
BLET70001	EU	PSP	Supercar Challenge [Beta]	MISSING	EP4037-BLET70001_00-HDDBOOTABLEBETA1				0	
NPEH90047	EU	PSP	Crystal Mines (Minis)	MISSING	EP4116-NPEH90047_00-CRYSTALMINES0001				0	
NPEE00001	EU	PSP	Crash Bandicoot	http://zeus.dl.playstation.net/cdn/EP9000/NPEE00001_00/TDkTfX1OWMUpXoC61uDYEWLt2EpfcpjcfsC1ivvffAeDrO7HafmT8gVWNUlWtoMKu09v8WDDxNmRGK5XWXOXrgvoASeMp41B6Ual9.pkg	EP9000-NPEE00001_00-GCRASHBANDE00001				483572640	
NPUG70011	US	PSP	Secret Agent Clank™ Demo	http://zeus.dl.playstation.net/cdn/UP9000/NPUG70011_00/2ADMXgmhGeJ05nT2mrYoxBJ9IjOOawqq6rIjrKU0wjgH8sFBDBKXoc9PJtp4IPAmFpM6ItraBGeWNsJaA3uEVrRiGxMlU7jiPgtK3.pkg	UP9000-NPUG70011_00-SECRETAGENTCLANK				142423312	
NPUH90071	US	PSP	Valkyria Chronicles™ II Demo	http://zeus.dl.playstation.net/cdn/UP0177/NPUH90071_00/BsbQP6oUaqOWQuXLdT6ock9I2wnTnF5mtOrHCwDWokA0v3xnILpGIq5aDJVCLh6evBn8oiwkALMUHbvm2jigfx29GPrMNEX67B3s8.pkg	UP0177-NPUH90071_00-VALKYRIAPSPDEMO1				81158944	
NPUH90093	US	PSP	Split-Second PSP® Demo	http://zeus.dl.playstation.net/cdn/UP1082/NPUH90093_00/bTjSrCauYMV1pXGk3NOR6mhntsWN50FIS6GsbRXI1dpXHdgQA455hy7QKDjmG4CKmT3AG4wbmtSpsOtulMpQukvwWxTFcNtPHR0ff.pkg	UP1082-NPUH90093_00-SSPSPNETWORKDEMO				139725920	
NPUH90030	US	PSP	Rock Band Unplugged™Demo	http://zeus.dl.playstation.net/cdn/UP8802/NPUH90030_00/RrxDBR4UIRySO2FR7H0sLVHQdB4t9LmkcOLwh8VVYNT6Wos4NKaCf3f7pu1mhsQRbmgW5ssuGjHuykRlQ15jWDBEhd9AlNrOrltpB.pkg	UP8802-NPUH90030_00-RBUNPLUGGCCF0001				143633488	
NPJI90001	JP	PSP	XI[sai]® 体験版(PS3®・PSP®用)	http://zeus.dl.playstation.net/cdn/JP9000/NPJI90001_00/LkeztJHSdlJStnFyFRuZXFjMQoeIMExqlpUvrCcKsSLujShkZBNYfycLVrWSuDkQubhacjiIRswogckIrvyuwMDxaVoUHIqwwlYzj.pkg	JP9000-NPJI90001_00-0000000000000001				110438080	
NPUJ01041	US	PSP	CHRONO CROSS™	http://zeus.dl.playstation.net/cdn/UP9000/NPUJ01041_00/wSpcEXvxHRJlwkRwhjMUwNprqrVwaExubFMGKqUxLCOBlZpxuFeeOIstUiNMBSbOamtEmlMsqespOIansJHbezkevMhuSHJxxkOvN.pkg	UP9000-NPUJ01041_00-0000000000000001				815561440	
NPUJ01251	US	PSP	FINAL FANTASY® IX	http://zeus.dl.playstation.net/cdn/UP9000/NPUJ01251_00/PWGAlLtFgvvrHixNGbuyudySjOgAAn61AhLhoj0SNEfAhqDXWMbpyK28yyMbqV0YSHucGDCbd6vvrdJdEfesID51Ts3eu3eTGYjp3.pkg	UP9000-NPUJ01251_00-0000000000000001				1603458064	
NPUJ01363	US	PSP	CHRONO TRIGGER®	http://zeus.dl.playstation.net/cdn/UP9000/NPUJ01363_00/mtuabdACfOvEaxaMcuUbeNPDOtWXOfiUxltzypHyKCATWvhfGcbnWvdiJCIeykycMukQRawOsDwguTrBTzihaqdUBFbtKzwKmFPQF.pkg	UP9000-NPUJ01363_00-0000000000000001				295150080	
NPUJ00027	US	PSP	Blood Omen: Legacy of Kain	http://zeus.dl.playstation.net/cdn/UP9000/NPUJ00027_00/GM71MBSs9F5wyap3k1KGXECIGQiRHNNLX1RCHqKr13viJfUd1cvk8FNMNitWWApgQAKrN2Ghru2FJXvPX9n6ACWIEt05lINMSpypO.pkg	UP9000-NPUJ00027_00-0000000000000001				474705504	
NPUJ00892	US	PSP	FINAL FANTASY® VIII	http://zeus.dl.playstation.net/cdn/UP9000/NPUJ00892_00/d9gUEyosXGVHaWAAGWmBagnDHQjSUaC6TDCcfQxSjhaUAKu2KJ4JiCW0LqbgGp9UgD4KGFU5cLaJWiPuUO9XuScKgPLKew0ya8OUQ.pkg	UP9000-NPUJ00892_00-0000000000000001				1908119328	
NPUJ01011	US	PSP	FRONT MISSION 3™	http://zeus.dl.playstation.net/cdn/UP9000/NPUJ01011_00/WhslLAHlY4rlA6WXp8qr9yenTUR3KCPxs105GHlUiqbWuBNrUlSyHji4A4mkwjxcXmnLdjpBYE2GHMhHMpekueRRv1JfHaVoAhO11.pkg	UP9000-NPUJ01011_00-0000000000000001				336981776	
NPUJ94163	US	PSP	FINAL FANTASY® VII	http://zeus.dl.playstation.net/cdn/UP9000/NPUJ94163_00/b0bdL9opU6JAsIxUpi29By0uOWU1QJKXG6yNkJjqodIjSmd6wBrIbYtulcL177SAAAojsvNii9pVFABkvguumKCFUGefIjRWRtBj0.pkg	UP9000-NPUJ94163_00-0000000000000001				1417420640	
NPUJ00797	US	PSP	R4 Ridge Racer Type 4	http://zeus.dl.playstation.net/cdn/UP9000/NPUJ00797_00/yVidDxiCwhPNqQDeHWdlsOBcBDUNccyckMQtYUGgbMuXYQxfvtzWCmrpIXaOTvPCzuvmzCKlPpuDeGCEBlMeXXTbnOrrFoFKUHvHd.pkg	UP9000-NPUJ00797_00-0000000000000001				368706144	
NPUJ00190	US	PSP	Oddworld: Abe's Oddysee™	http://zeus.dl.playstation.net/cdn/UP9000/NPUJ00190_00/x5wvwhxg1q3d7hGVPOHKW8xR3hn9G70UCQnR3fSOlsbgIV72hfyvku0CL0aqK1F8T6hsaowWmNl6vN6aCOCkDywbPyUFO0VnD4hQK.pkg	UP9000-NPUJ00190_00-0000000000000001				491897568	
NPUJ00710	US	PSP	Oddworld: Abe's Exoddus™	http://zeus.dl.playstation.net/cdn/UP9000/NPUJ00710_00/jIlns5FqsgNERwsTuxqgU4IdgWKK7T90DYxPBXkT9xwACqiBeSuKxAXLADFCqbewolmiIRTDIK2uu03C4uhlPPNrCgMaAnU3LYDAM.pkg	UP9000-NPUJ00710_00-0000000000000001				789355568	
NPUI94154	US	PSP	Crash Bandicoot® 2	http://zeus.dl.playstation.net/cdn/UP9000/NPUI94154_00/9cshcpwoE1lsKOvng68CTEuqOIIuK3qNoR8YvW4XaaXomgkgPJh9ePXCE2kIPxvFsPhTs8sGuMWcKLtOaySq0RfTOLsjaFpGq3YjG.pkg	UP9000-NPUI94154_00-0000000000000001				107711808	
NPUI94467	US	PSP	Spyro Year of the Dragon™	http://zeus.dl.playstation.net/cdn/UP9000/NPUI94467_00/BDDd651NGlwvhPa5RmrNC11vBi25TLTIROpd8bL4tYGP2ljT9JqtPL4Yh52Yam26kQ1HatBupVypfqiC0bEsUJHfIoCahGSHLR6pE.pkg	UP9000-NPUI94467_00-0000000000000001				361745728	
NPUI94308	US	PSP	Rally Cross™	http://zeus.dl.playstation.net/cdn/UP9000/NPUI94308_00/HBa6nIeus554kJNHlYgXg5j64CpSsMIPgfImsgHoVV3S973866P2wW1g5XbMyFm2eegdtXpEFm2ioiaCA8OG8uhskh9fB6P5U7KvM.pkg	UP9000-NPUI94308_00-0000000000000001				107083792	
NPUI94640	US	PSP	Syphon Filter® 3 Full Game	http://zeus.dl.playstation.net/cdn/UP9000/NPUI94640_00/6T9oa3YoBbedd7dkdANxL4JKbICVoo9lu4IWqIQ2Bvs69Pvi5ESPgLynqgqDQHPwo7huj7nX98N7rV7KGju5C70GQn0IJQe1cPfAJ.pkg	UP9000-NPUI94640_00-0000000000000001				417868992	
NPUI94227	US	PSP	Medievil® (License)	http://zeus.dl.playstation.net/cdn/UP9000/NPUI94227_00/uFRHXPOs0NGo2jfRu0WtufqvOrsJIcxOKJvmTepVcNwJqJe841tgESVLmH93KMEuUSkAK7SSBwge0OOF0qs1IidP5geGnnAr9LS2p.pkg	UP9000-NPUI94227_00-0000000000000001				346153520	
NPUJ00748	US	PSP	Resident Evil® 2	http://zeus.dl.playstation.net/cdn/UP9000/NPUJ00748_00/iJJAibaIAJubbD11GHT0aJWF2uRCI9435vae1KMEeoqmlMyRA2OjvM97pKQrcjiKFwIaOBHr4XhdEFDosoOxKptqg4qBuG1tbv8MM.pkg	UP9000-NPUJ00748_00-0000000000000001				793571088	
NPUI94305	US	PSP	Warhawk™ Full Game	http://zeus.dl.playstation.net/cdn/UP9000/NPUI94305_00/7FMAuGG86YiR8B0ee3MSh1kSh987sxHLiX2D9tTUQjHWHLBbKufjR25U4Q0B2slLEuqmAx3XNhrcQHyjl0e5TdU3VLm6sjNlfruo7.pkg	UP9000-NPUI94305_00-0000000000000001				254831840	
NPUI94426	US	PSP	CTR: Crash Team Racing™	http://zeus.dl.playstation.net/cdn/UP9000/NPUI94426_00/sDfd5AMPKkE5fRQOexWn1inRM76kP8jO4EEv7mkH9rMlNItn82ybx5lltScmAyLoc9fqvgCjkv81SFS8LtkiiRvltqqT1vI6F0uVa.pkg	UP9000-NPUI94426_00-0000000000000001				326550096	
NPUJ94646	US	PSP	Disney's Lilo & Stitch	http://zeus.dl.playstation.net/cdn/UP9000/NPUJ94646_00/afQfLLBLpaj5tnf31ww8TjhR29tpl9ShD7dCtgD1KxRKhn8FYde8psXciOjG60s1wwrdBvsU6UgXESbniC1C7qWltohdR5KTvKrxm.pkg	UP9000-NPUJ94646_00-0000000000000001				284623072	
NPUI94228	US	PSP	Spyro the Dragon®	http://zeus.dl.playstation.net/cdn/UP9000/NPUI94228_00/DvJRvk5lQtonAnxJYmW6bYAahsuKrxq5TACJddlqpTXe8P5lIqPVXccjd3w5yIRrynrKlcOkMaTJ0EeeBptbCDFnRd8Qc8rOqgNce.pkg	UP9000-NPUI94228_00-0000000000000001				358365712	
NPUI94244	US	PSP	Crash Bandicoot 3: WARPED™	http://zeus.dl.playstation.net/cdn/UP9000/NPUI94244_00/VaYW7FE1iHpvQ76rpiwe3uy53E3Oq78xqPEMmQ8LIdHAHqB0cmJespqFypFXxwvL7KdHrYgNXomQd35FMEyNF4MhUcqAxUUxPrfEW.pkg	UP9000-NPUI94244_00-0000000000000001				110333744	
NPUI94240	US	PSP	Syphon Filter®	http://zeus.dl.playstation.net/cdn/UP9000/NPUI94240_00/JYtb8Un5R8pG7CVDoFmsNA60owTyeKMWl7ElIxfX0Vnex49wG25PQg34GVyLHBV0gEUUxCmQ6smk8KU7rt8lTnDfddbKWrdIGeH4W.pkg	UP9000-NPUI94240_00-0000000000000001				401911728	
NPUJ00747	US	PSP	Resident Evil Director's Cut™	http://zeus.dl.playstation.net/cdn/UP9000/NPUJ00747_00/O2cCX3ls2763VBGNLoYynELr2F0iigf1bxgjg8Bi5T4HOkTJcSS0uSTuVicTVc9WcMvVWNaF3KwCk1IxWhbNQD92idWDkyNfF61Nr.pkg	UP9000-NPUJ00747_00-0000000000000001				313459952	
NPUJ00923	US	PSP	Resident Evil® 3: Nemesis	http://zeus.dl.playstation.net/cdn/UP9000/NPUJ00923_00/pbL4QOKwcNgE3QN8rlUNjC0HfnKMRxeUQhwbMBcwdIDOP9xLV6OKUhbgwgIiVq9AcMwpX6nHvwxHkDfnjuXnTaJbCxe0dRqcOuFAC.pkg	UP9000-NPUJ00923_00-0000000000000001				382817648	
NPUI94425	US	PSP	Spyro 2: Ripto's Rage!™	http://zeus.dl.playstation.net/cdn/UP9000/NPUI94425_00/5G4knNdfu0F5vyeuxDgd9InFBOPQdELq5qp9aPfgqRIFIVBjVSNXP0yufdnKU8WQXCr3cg5PSTlOAXOIRkwqS7bQTMoWpOkv55nyv.pkg	UP9000-NPUI94425_00-0000000000000001				367922000	
NPUI94900	US	PSP	Crash Bandicoot® (License)	http://zeus.dl.playstation.net/cdn/UP9000/NPUI94900_00/PGA5yT6jn7idW1Eq58oGboyYhxg952ja38ThmBcbCD742gfjt4LFM4KLKOPQcbJ6H1OW1nDASSV2KiCVFaBspHBKOphbJMTm4YsrQ.pkg	UP9000-NPUI94900_00-0000000000000001				489609792	
NPUJ00885	US	PSP	Tomb Raider: The Last Revelation®	http://zeus.dl.playstation.net/cdn/UP9000/NPUJ00885_00/wAiDvyi2JH3uWuElBh9kRa8LT7hXpEgLXNVNrEC31iP3wyJQvdLa6bAmpABdAWXifnGhKDwa7qARb17dLkO4cv2H5vKP6tOMdc2i2.pkg	UP9000-NPUJ00885_00-0000000000000001				507920992	
NPUJ00691	US	PSP	Tomb Raider III®	http://zeus.dl.playstation.net/cdn/UP9000/NPUJ00691_00/IVAmGpRylMP1drG84QxJty6InSs9N4IAHC5pUp0xHiQST1vkyh6qBmBGFD5sBcfkxGFuo26WWsMhedYoBJMFojmYprmmNWVNLFMmD.pkg	UP9000-NPUJ00691_00-0000000000000001				383617440	
NPUJ00152	US	PSP	Tomb Raider®	http://zeus.dl.playstation.net/cdn/UP9000/NPUJ00152_00/AvEqCuMBnISjsmw82U04IvjOMTy1r4q5sVUBgxHwN2ojTFwVkPn9wC4HHy9NJ5GAXmWnewlYOrHY7KjimG9b4uj8o2cEk8eDh50Ne.pkg	UP9000-NPUJ00152_00-0000000000000001				220420944	
NPUJ01042	US	PSP	Parasite Eve™ II	http://zeus.dl.playstation.net/cdn/UP9000/NPUJ01042_00/vrfGpkwuVOqvLvTZRuyyNqwYtdLVVFjoDAaQNcyCClXhvpzatmmwwwsZrrzyowOYPFgLyiajRyfDDXugoMyFhMkdRUfDGmNNuAiBe.pkg	UP9000-NPUJ01042_00-0000000000000001				812095248	
NPUJ00662	US	PSP	Parasite Eve™	http://zeus.dl.playstation.net/cdn/UP9000/NPUJ00662_00/nkecymPHyIjQSpohRghsgdQUSQBWWGkLAkrgRPfNeQTVyUdVwJpfMBfdDynbEbzBRIzHoaNsBpasTuMRHnfanhFvZOhDDAUKSyayq.pkg	UP9000-NPUJ00662_00-0000000000000001				578940496	
NPUJ00707	US	PSP	Silent Hill™	http://zeus.dl.playstation.net/cdn/UP9000/NPUJ00707_00/HSfdPrKvPwk5Itfn0cC6iRYeFxcByQVfKDgLB5HLsfHK8jNVOovnKI6Olj3WoNiaEbYliriVTIcCjGcWPrHCmdG83qE1RfRJqDDC4.pkg	UP9000-NPUJ00707_00-0000000000000001				308225872	
NPUJ00067	US	PSP	Castlevania: SotN	http://zeus.dl.playstation.net/cdn/UP9000/NPUJ00067_00/WjbIAlIcKn2mNhDuj9bfekwTUq3qQpbDa9elbSb0wsBOPAnRbGE0spiBH14dm87eLKgeXIY6Q4bqU247S71aRoNmkhitpeHF5udwL.pkg	UP9000-NPUJ00067_00-0000000000000001				372818688	
NPUJ01324	US	PSP	BREATH OF FIRE™ IV	http://zeus.dl.playstation.net/cdn/UP9000/NPUJ01324_00/NDIvgIhuMqSiEGMIVTnTCTiOExyKCJTJJzFGpluLkMVWvdOVlkfyRlceIZBeDdljKbwJzARVipvQzOJbhvdsgleeGMAPFQrbJcHiE.pkg	UP9000-NPUJ01324_00-0000000000000001				215925104	
NPUJ00453	US	PSP	Mega Man® 8 (PSOne Classic)	http://zeus.dl.playstation.net/cdn/UP9000/NPUJ00453_00/UP9000-NPUJ00453_00-0000000000000001_bg_1_a0dd5bce4702ad38c59ec938e745244a66b0467a.pkg	UP9000-NPUJ00453_00-0000000000000001				246857712	
NPUJ94182	US	PSP	Armored Core (PS One Classic)	http://zeus.dl.playstation.net/cdn/UP9000/NPUJ94182_00/BGNwwxVBNmFYuDfTygIIUENgkDGZETeIPibKRgfgFgzsfhJnTofPNgqENjDbXLNO.pkg	UP9000-NPUJ94182_00-0000000000000001				224278608	
NPUJ00297	US	PSP	Star Wars®: Dark Forces®	http://zeus.dl.playstation.net/cdn/UP9000/NPUJ00297_00/pl04j0b65JkqnKf0dM6QCG9G5DftBBLnL9YgRObBMbXNy9gAMlqqfPXEQgExPij7f9OFgsYtWKwH9RNeT1tSHOTyin2e98Cy0SGIt.pkg	UP9000-NPUJ00297_00-0000000000000001				323417744	
NPUJ01279	US	PSP	Dino Crisis™ 2	http://zeus.dl.playstation.net/cdn/UP9000/NPUJ01279_00/CpjtuXoLhWqjrAUpRgPYGGdOuzrQbTlBvUhVLHkipsHkAdcHUEXitiIgrxnnJWvOnaEFTMPMYzVhlsWJwBEEpMILOkphTKQfIzwQw.pkg	UP9000-NPUJ01279_00-0000000000000001				333256592	
NPUJ00922	US	PSP	Dino Crisis®	http://zeus.dl.playstation.net/cdn/UP9000/NPUJ00922_00/WFPgC0U3H3bOo9C6LRNtNNbpqySR0tpUTcqu6NBAk2xlMqXVqjD8tbkxgywWNCW3OdGtvutr2jB6SA5oAc2rJbFRTfWGgUraivBH8.pkg	UP9000-NPUJ00922_00-0000000000000001				259959040	
NPUJ00197	US	PSP	STREET FIGHTER ALPHA	http://zeus.dl.playstation.net/cdn/UP9000/NPUJ00197_00/VkDFaeIQKInIAcJ7IRELbURONBFbpWVtCpV5xO9f9CNsqkqr6iFhORgPeNw0fyRvrDPmmFCScyN08N3GF3NLG5MTWLRistliJSBGv.pkg	UP9000-NPUJ00197_00-0000000000000001				83661552	
NPUJ00258	US	PSP	STREET FIGHTER ALPHA 2	http://zeus.dl.playstation.net/cdn/UP9000/NPUJ00258_00/2sQE9MKkDWQaDC4nugiP86M9adL4onSJrkc8PvDNXKj1bXeTAOnkQ1w0iCGpinqGOLUYqK4FFsuoI1AANMx7rG6NjoqNxsaU8gMG2.pkg	UP9000-NPUJ00258_00-0000000000000001				364798272	
NPUJ00821	US	PSP	STREET FIGHTER ALPHA 3	http://zeus.dl.playstation.net/cdn/UP9000/NPUJ00821_00/DykevyWECGPRohgbylrvvwOBfRdIenvkQlvRtMOOSpKuygfapmrlRrWtoDuFDnCyEFRqufpOXjZdtFdltRJOhmcyXnqAQcvmOCMzT.pkg	UP9000-NPUJ00821_00-0000000000000001				343301456	
NPUJ00437	US	PSP	Tomb Raider 2®	http://zeus.dl.playstation.net/cdn/UP9000/NPUJ00437_00/MRahys4Uk79j98Yg5tHdVvAQta0IUCFja0BICaXrLxn8C0recXq1dUKyV14D5SJtIHDSUD3XLfp7oxeLAYrNHB2H6iCsAc9cTqJiH.pkg	UP9000-NPUJ00437_00-0000000000000001				205613104	
NPUI94301	US	PSP	WipEout®	http://zeus.dl.playstation.net/cdn/UP9000/NPUI94301_00/Bor1bQSj7yQo5YATEyrj6Pqx0JVlTCAeRJLRMxpvCMx2woaNPCuu9n81ce5UDeNsqjpeASJX6T6oEA9xaI7ohxmHPQ92bruI0CY0H.pkg	UP9000-NPUI94301_00-0000000000000001				78411600	
NPEG00007	EU	PSP	Killzone: Liberation	http://zeus.dl.playstation.net/cdn/EP9000/NPEG00007_00/js6PhOrOU1SteEA6vwSdvxawTLp7QvJ2hxlcHPPDp1I0I60gkavqQAaQpBtfEpe56EGcKSXuTAQVtRF65BwlasEHfgjNa5p40yKnF.pkg	EP9000-NPEG00007_00-GNAMCOMUS2000001		67dc0d1dfd6ff53a3ed5c410f7f0ea02		571546560	
NPJH90189	JP	PSP	Monster Hunter Portable 3rd Hunter Net Uploader	http://zeus.dl.playstation.net/cdn/JP0102/NPJH90189_00/THyYtCibLGjHssjGMMrJGzztdVTiyxLoNEgLJNXFvtnqzCzvEdQEVazNYiCFuBFeuiezZyUjnsmXZRzsofKfjANICKbUYBTAqBGYU.pkg	JP0102-NPJH90189_00-0000111122223333				4362512	
NPEF00109	EU	PSP	TEKKEN 2	http://zeus.dl.playstation.net/cdn/EP0700/NPEF00109_00/5jFkcKV7nRYeGiwIU8mgOoe2XsdB11LdlRqysbF0TNI2H8Kd1kt7sf3WM7iBQAEm.pkg	EP0700-NPEF00109_00-GTEKKEN2XX000FRE				508909616	
NPEF00015	EU	PSP	Theme Hospital	http://zeus.dl.playstation.net/cdn/EP0006/NPEF00015_00/1qb2uLCLW1CMJm4Par6UqY5RIYdanQD6JD4d4WcM2mJDQgRE6l7nqRhL23ljt0bJnnUVcOnNPr8CT1RXMuYkQd7QfwT5a6af59NYE.pkg	EP0006-NPEF00015_00-GTHEMEHOSI000001				126602112	
NPJJ30004	JP	PC Engine	TAKAHASHIMEIJIN NO SHIN BOUKENJIMA	http://zeus.dl.playstation.net/cdn/JP0555/NPJJ30004_00/Im1951dEcuDF7Kmcb5DorlpSh6ChMsWtQdmDYLnbVu32ykW7y0x6DU319pCAfhLfgxO8WtfpbfUGgnakaX4rIfJ0qTarRhyOyH4pc.pkg	JP0555-NPJJ30004_00-BOUKENJIMA00JH04				7498192	
NPUA80013	US	PSP	Syphon Filter: Logan's Shadow (DEMO)	http://zeus.dl.playstation.net/cdn/UP9000/NPUA80013_00/mbI4K0YowJ7TeB3KYKB5E0T4GswItyrKiE8olmknse0lc1Rkg5O7Lm4ApkrKJwQoqitvAqqFLjpB786JIS3kuS2JdLcoYy4k9TiJq.pkg	UP9000-NPUA80013_00-0000000000000000				59144992	
PCSA00014	US	PSP	Unit 13™	http://zeus.dl.playstation.net/cdn/UP9000/PCSA00014_00/ZavpMEQMoGFVSTHqHRYJFHKOreZUYdNGekooAtLKusofFVLDiOkbXBuaJbbabarJGfnSUNkeMOLghGogLFcVeJdBudjTSLkvEgVpT.pkg	UP9000-PCSA00014_00-UNIT13ZIPPER0100				1221039552	
NPUJ00594	US	PSP	Metal Gear™ Solid	http://zeus.dl.playstation.net/cdn/UP9000/NPUJ00594_00/8BrEWinG8ghPsDVpmYVOmlh3btFfrkYxHjjmVn6X6qeqGKM2RB4eklmBljPYNeDyEVVT9cF0OPMNREpuscT8nIHygRSfHo9JsfeJm.pkg	UP9000-NPUJ00594_00-0000000000000001				817593632	
NPEF00157	EU	PSP	Final Fantasy® VI	http://zeus.dl.playstation.net/cdn/EP0082/NPEF00157_00/WRupYFEArdVvywlAqUaPFNiDeEbDhzLQjFYSctXWcjHxXMZraaVJlFKvPjIphLco.pkg	EP0082-NPEF00157_00-GFINALFANT000ENG				140602368	
NPEF00071	EU	PSP	Final Fantasy IX	http://zeus.dl.playstation.net/cdn/EP0082/NPEF00071_00/QNsN1JliHKQBIHxi5Lc6gO2X8KvJmbmCMdG0Q7oU9dRUCpH4DKQPjkbwDWyeVn6jVc0ccUVS4jRl5YSLns31BAecp2XfkXlYpKikw.pkg	EP0082-NPEF00071_00-GFINALFANT000GER				1599481504	
NPUJ00340	US	PSP	Tecmo's Deception™: Invitation to Darkness (PSOne Classic)	http://zeus.dl.playstation.net/cdn/UP9000/NPUJ00340_00/UP9000-NPUJ00340_00-0000000000000001_bg_1_e54cdaef6f5001b95a571a1ee85bc04d32d672cf.pkg	UP9000-NPUJ00340_00-0000000000000001				194878288	
NPUJ00292	US	PSP	Suikoden®	http://zeus.dl.playstation.net/cdn/UP9000/NPUJ00292_00/N5GcCYgMXoJG5pi0QDEDWnyh5qaaNAo5RLgryESTuw5cFfb99ir6AY2rnUSBShKEwQbm2BKj73FnaGk77SkKJa7TFWm58uIx5CHE4.pkg	UP9000-NPUJ00292_00-0000000000000001				347697520	
NPEE00075	EU	PSP	Spyro 3™: Year Of The Dragon	http://zeus.dl.playstation.net/cdn/EP9000/NPEE00075_00/IZihjEWBDiNiyZuUsmuNIjdzMLxvkzQhNwevmqFXcMGLrwfQLsFCIPkuPCbikFzU.pkg	EP9000-NPEE00075_00-GSPYRO3YEA000ENG				356137728	
NPEE00074	EU	PSP	Spyro 2™: Gateway To Glimmer	http://zeus.dl.playstation.net/cdn/EP9000/NPEE00074_00/QzEwhlwWQUrUAUnhXVgpuFBvmiORbQSNUsGAGPsVmcpWsxSWFvXbGVYmaDDStNCz.pkg	EP9000-NPEE00074_00-GSPYRO2GAT000ENG				360261856	
NPEE00076	EU	PSP	Spyro The Dragon™	http://zeus.dl.playstation.net/cdn/EP9000/NPEE00076_00/XuCnLuyTQbaUFRaJJUgTXCPAYxuDTlDDsKOpLssOIIdSijWqfirjkDdBlKIslzbq.pkg	EP9000-NPEE00076_00-GSPYROTHED000ENG				345798448	
NPEE00026	EU	PSP	CTR™: Crash Team Racing	http://zeus.dl.playstation.net/cdn/EP9000/NPEE00026_00/iTDo8vreAYfHu9gNeE9VtHw2Ypbpuoyw4gergkBD0VeiwF3T4b322xqC4jNYcGD1vdoGghpObAyJ7buydgpRlO0eW5bNH1xMcViWa.pkg	EP9000-NPEE00026_00-GCRASHTEAE000001				338947056	
NPEF00023	EU	PSP	Rayman	http://zeus.dl.playstation.net/cdn/EP0001/NPEF00023_00/yjeCJ3aQkqFtdYSWQfWsb36LawLi3Cojg9vLLh6E2DRWXJM2WvaXlUuoFsbvw7bPBIJLRskONPURLCvb7CV6cdPXhTo2aOxFSP91w.pkg	EP0001-NPEF00023_00-GRAYMANENG000001				158037232	
NPEE00062	EU	PSP	Warhawk™ (PS one®) - ENG	http://zeus.dl.playstation.net/cdn/EP9000/NPEE00062_00/MMeEOtXqsfBbJcmiOMcXGdVbJFYkjsteCnWyhfYmlajuYsxPSOukuSeVUFSfwDNs.pkg	EP9000-NPEE00062_00-GWARHAWKXX000ENG				250495232	
NPEE00062	EU	PSP	Warhawk™ (PS one®) ES	http://zeus.dl.playstation.net/cdn/EP9000/NPEE00062_00/xYXzwGhXoOJLLihCOQfkfRxqQQISvEqBaEFLvZxiVTMsPaZXPGHTesLucwoSbGJv.pkg	EP9000-NPEE00062_00-GWARHAWKXX000SPA				250493888	
NPEE00062	EU	PSP	Warhawk™ (PS one®) ITA	http://zeus.dl.playstation.net/cdn/EP9000/NPEE00062_00/dHkMnDEUXaGBuDWlahqyxvBUedbSzvsiayQPUUINYaAYWWQNHwRBwftOYgkJiVuJ.pkg	EP9000-NPEE00062_00-GWARHAWKXX000ITA				250506208	
NPEE00062	EU	PSP	Warhawk™ (PS one®) FRE	http://zeus.dl.playstation.net/cdn/EP9000/NPEE00062_00/UacifeMjnRjOzKTFZQoyQfMVOdmGfIiNHBHRMYlXQcAEDJQNgYWHGFXrvTIrXcIc.pkg	EP9000-NPEE00062_00-GWARHAWKXX000FRE				250490672	
NPEE00062	EU	PSP	Warhawk™ (PS one®) DUT	http://zeus.dl.playstation.net/cdn/EP9000/NPEE00062_00/BCZXgXnnguhZKwwrXIyiyEIQWuAASaLpmsCHhKmJvITyAfWJPDojMiFSFREkVXwk.pkg	EP9000-NPEE00062_00-GWARHAWKXX000DUT				250493472	
NPEE00062	EU	PSP	Warhawk™ (PS one®) RUS	http://zeus.dl.playstation.net/cdn/EP9000/NPEE00062_00/XvrACZaAYszqVEDqbeFQKmfIBsukLgfTOTcuFvvLYIDTDFwhUNEMJbCWavYPZBbg.pkg	EP9000-NPEE00062_00-GWARHAWKXX000RUS				250483440	
NPEE00062	EU	PSP	Warhawk™ (PS one®) POR	http://zeus.dl.playstation.net/cdn/EP9000/NPEE00062_00/ZvVBusmMzXcHcfnHbVMCqourRjlrSnaFVtrKuUzkyIwpmOhCLNWbmWqwowITmkZp.pkg	EP9000-NPEE00062_00-GWARHAWKXX000POR				250512672	
NPEE00062	EU	PSP	Warhawk™ (PS one®) DE	http://zeus.dl.playstation.net/cdn/EP9000/NPEE00062_00/afrJagnZAtSvufUhuYXBXcUdqCsqHfFMSAgnsOfwWHVHeNZNrThZhGJkOzUUNFbr.pkg	EP9000-NPEE00062_00-GWARHAWKXX000GER				250533360	
PCSB00664	EU	PSP	Jetpack Full Game	http://zeus.dl.playstation.net/cdn/EP4249/PCSB00664_00/JNaKzbIwLZfHOdeFTzcverWkqfNaamjDqEiblebXzlYrQbwZiPqBQqSJSmPjbFsDVlqzMLTnAxtlvGRBCJORCokXAHiKCsYpOOxsv.pkg	EP4249-PCSB00664_00-JETPACKJOYRIDE17				72366160	
PCSF00220	EU	PSP	Uncharted: Lucha por el Tesoro™	http://zeus.dl.playstation.net/cdn/EP9000/PCSF00220_00/GuDIhrHfvLNaEacWsKMHqOidbegQtAiCfMaMDxgEZKqaZKebNVlmQQTaCJzxoiBc.pkg	EP9000-PCSF00220_00-0000000000000000				299902192	
PCSF00251	EU	PSP	Pack de hackeo de Bentley™: prueba y desbloqueo	http://ares.dl.playstation.net/cdn/EP9000/PCSF00251_00/ROfdnzDJablPIQROVfGJaSNjTIINAApcpcnbGvyyMTLOPWrlHlCzqZEONCKmLyoE.pkg	EP9000-PCSF00251_00-TRIAL00000000000				853427616	
PCSF00210	EU	PSP	Imaginstruments™	http://ares.dl.playstation.net/cdn/EP9000/PCSF00210_00/RkUKrdsicdLEyAthyRNCUoKXcQVSGdRFhSAiZgMthvdeyphXYPCESoNsrvLEWyyN.pkg	EP9000-PCSF00210_00-IMAGINSTRUMENTS1				62658336	
NPJJ00145	JP	PSP	METAL GEAR SOLID®(PS3®･PSP®用)	http://zeus.dl.playstation.net/cdn/JP0101/NPJJ00145_00/0YYaIuvnGQMbf0CHUDEVuVbNN4P5loYewTovg24lxdk5UTr8TVFHHItvJqYnb6TG7eXBmy6FwKYuH2QdAfefs3C6pDCJLLvMOxEo2.pkg	JP0101-NPJJ00145_00-0000000000000001				811625568	
NPJJ00671	JP	PSP	METAL GEAR SOLID INTEGRAL	http://zeus.dl.playstation.net/cdn/JP0101/NPJJ00671_00/lTXrRNmwBWMgCFxLPRvvpNTGLuaKXnESsxTOapVhqZurAinLaLOYWIeEUdHsSKxanyfueOuokalOFeaUQhYHxMuGeJQlljfDypxXw.pkg	JP0101-NPJJ00671_00-0000000000000001				1123537104	
NPUB31370	US	PSP	Saint Seiya: Brave Soldiers	http://zeus.dl.playstation.net/cdn/UP0700/NPUB31370_00/ySDrYsgJTEmJCcqlTtXAReYAKAvGkDMJbLdPPBopWzJVfdoPyvcPWTevOKGUpRBB.pkg	UP0700-NPUB31370_00-SAINTSEIYABSHGSA				3210700144	
NPJJ00275	JP	PSP	Mega Man™	http://zeus.dl.playstation.net/cdn/JP0102/NPJJ00275_00/bnkzveVqAAbytYtxYvHwwlrFQpDowLqvevCvpvhExdyMwRyCujChUtjyzwvcCvNHLgCtNDUbekCUVDmUsvobGIxHhXSDWOFvXQrcE.pkg	JP0102-NPJJ00275_00-0000000000000001				163304912	
NPUH90056	US	PSP	Holy Invasion of Privacy, Badman!™ 2 Demo	http://zeus.dl.playstation.net/cdn/UP1063/NPUH90056_00/Ag1G9U7RWEvfW2ddL93nRxjoIUyLNqYvv0RucIkEY5vHwgwrKvxgO1cjDQbiAibvLfa4WP9MuKVLU4va4PjaDg2X92pdhgWa0uw8I.pkg	UP1063-NPUH90056_00-BADMAN2SNEAKPEEK				16051248	
NPUJ00603	US	PSP	Mega Man Legends (PSOne classic)	http://zeus.dl.playstation.net/cdn/UP9000/NPUJ00603_00/UP9000-NPUJ00603_00-0000000000000001_bg_1_ece768cc797f8cbf52a466157b2bd0aea1dd32e0.pkg	UP9000-NPUJ00603_00-0000000000000001				225519584	
NPUJ00896	US	PSP	The Misadventures of Tron Bonne (PSOne Classic)	http://zeus.dl.playstation.net/cdn/UP9000/NPUJ00896_00/UP9000-NPUJ00896_00-0000000000000001_bg_1_12100ad0ce9ba84f440bdccda3c86fc3023ac8c7.pkg	UP9000-NPUJ00896_00-0000000000000001				139025200	
NPUJ00277	US	PSP	Populous™: The Beginning	http://zeus.dl.playstation.net/cdn/UP9000/NPUJ00277_00/R8ExHyRwccEc1jKDT85Ubo1yhToIuohijQRJmwtNT5GRkXEpLM9OgU640FiNsV6cus3J2xxVQMVobYEUVVue4StqUn1I8JAeyPfAu.pkg	UP9000-NPUJ00277_00-0000000000000001				261821744	
NPUJ01115	US	PSP	Harvest Moon®: Back To Nature	http://zeus.dl.playstation.net/cdn/UP9000/NPUJ01115_00/vbfeOPoVXyPEwnDPWLlCkJZomdxWmFFFJQXilyKaJhjLZIfcVnuqpxSBUKbNxecKvmrWJhYkbpHZWKdiFesMEAWGYtOABBTYfVkFs.pkg	UP9000-NPUJ01115_00-0000000000000001				70678000	
NPUJ00005	US	PSP	Rayman®	http://zeus.dl.playstation.net/cdn/UP9000/NPUJ00005_00/cHtWVHG9fi4YsqyedrJBX6fwMb5Grjo7NH2XgTnDRVM2VG5O2BABGuiGTMOs0a0DFjUMhEKWkaxmPFT8RqGsGFDmTXLElm6WMlQYd.pkg	UP9000-NPUJ00005_00-0000000000000001				101209520	
NPUJ01069	US	PSP	Sim Theme Park™	http://zeus.dl.playstation.net/cdn/UP9000/NPUJ01069_00/kM2wsQALGLxUBV5j2Y2RGoTaEHTwDbON98YimDvfu3CCFaP27NKbLsxPVX2tHWuMw2qcsmv9I6bvbhSRmVonXwYvIftAO1VJkC9Fq.pkg	UP9000-NPUJ01069_00-0000000000000001				296186224	
NPUJ00113	US	PSP	SimCity 2000™	http://zeus.dl.playstation.net/cdn/UP9000/NPUJ00113_00/06oBEHiCnUBUaLWsSYH19klEXCw3nKfj9PmTi8y8RCYFr5qvQMa9TgtWtw8WnmBucBP4KdSDJc66LsTe9oF1qRMDgFJIa2io4gwA0.pkg	UP9000-NPUJ00113_00-0000000000000001				36880464	
NPUJ01301	US	PSP	Ford Racing	http://zeus.dl.playstation.net/cdn/UP9000/NPUJ01301_00/H3BLQOAWKa59wDmEE6XHatImEWg0dAgxN81WFY3pKsB64oLcpEqe3DoQPVWNk5pSuJCqiixdugVOyUxlBk0KiMoGX6NHkrbNPBDok.pkg	UP9000-NPUJ01301_00-0000000000000001				68759792	
NPEF00071	EU	PSP	Final Fantasy IX	http://zeus.dl.playstation.net/cdn/EP0082/NPEF00071_00/wOpUpskyLwsjC19LE2dKpAyAQBaTi4sQXEqjdY4xrpjchsiWOooJFb15WuctEOxSJMUnKBl1sUFtjE92U8MtvkHYV0En3GQABKg2s.pkg	EP0082-NPEF00071_00-GFINALFANT000ITA				1598118704	
NPEE00026	EU	PSP	CTR™: Crash Team Racing	http://zeus.dl.playstation.net/cdn/EP9000/NPEE00026_00/fmukg1eursjHLkudo9u8DDmWk6YohWPqYFQmCIn25Kurj5FIG5ENuEhjNXUydnyyM9ma0D6KOJ9g7TdUcEfkYafIk9kWN7xX7tKCx.pkg	EP9000-NPEE00026_00-GCRASHTEAI000001				338987280	
NPEF00036	EU	PSP	METAL GEAR SOLID	http://zeus.dl.playstation.net/cdn/EP0101/NPEF00036_00/yuiTCdpvbGoFmbsHtpaSJwCHexrRCamNGpXMXoiJLvsaWbtNkGNUrlXIUjHfBzRA.pkg	EP0101-NPEF00036_00-GMETALGEAR000ITA				786145296	
NPEF00070	EU	PSP	Final Fantasy VIII	http://zeus.dl.playstation.net/cdn/EP0082/NPEF00070_00/bvmiTglbrb2A5REqhh9qYTkaOiqknv6GdOxjbaOAnXOq23Mynb51SmlNhQD3JG3ghPT472rW6OYy9kLNMQm40PuVo6EIA9oD78adH.pkg	EP0082-NPEF00070_00-GFINALFANT000ITA				1888235840	
NPUJ00553	US	PSP	Alundra	http://zeus.dl.playstation.net/cdn/UP9000/NPUJ00553_00/dfxod4JB4OsflgQkelAr3BXW2FTEGbDx3yWcwkyK30FqBEJPJ0xfgMT5BigoJeWqKn9EpsXuwGPBovQJl3LU7DsHwnpVfwSVDsLIi.pkg	UP9000-NPUJ00553_00-0000000000000001				333123280	
NPUJ00664	US	PSP	Xenogears®	http://zeus.dl.playstation.net/cdn/UP9000/NPUJ00664_00/DHCpjzQQMiGvSOkjGCyyLURgooacUmkzWPmZSKjGjECYzlelvOmXLQybZXHjLSNSAUnahhvThEAjprxqKKioZxpXlxQgvVIwRseIO.pkg	UP9000-NPUJ00664_00-0000000000000001				758743056	
NPUI94608	US	PSP	Wild Arms® Full Game	http://zeus.dl.playstation.net/cdn/UP9000/NPUI94608_00/F1WNqCJ1dsSTEAwiGA9NIyltOq9HmeQNhbG9IMLYXneUacHfOcgRte22RRg1rs0CMgSdjAARxDtYcR7QHqlsOBXqamClSff7FUbgU.pkg	UP9000-NPUI94608_00-0000000000000001				313802400	
NPUG98734	US	PSP	PATAPON 2 (DEMO)	http://zeus.dl.playstation.net/cdn/UP9000/NPUG98734_00/XndX1v5Wd7vYUlXdV3Lwo70J5xSMf0EB0SnqS3chjxGrJO8U0rwn9rRDU0vmNdbY9FsR2U5pPKfDnbeWYkBms3GRj7A1FjPjSBwth.pkg	UP9000-NPUG98734_00-PATAPON2DEMOGS09				104533344	
NPUH90004	US	PSP	Puzzle Guzzle TRIAL	http://zeus.dl.playstation.net/cdn/UP1022/NPUH90004_00/s3tNHcgMI42NwjWjUXw7h4oJ8KqVYWrCVyGNaRTHFEO5rVqbepPeDObb5hbENaoDUkWq21KQUOC28rrmymPi4RiEiD94KuKY0dnh1.pkg	UP1022-NPUH90004_00-PUZZLEGUZZLEDEMO				11767312	
NPUG70122	US	PSP	No Heroes Allowed! (DEMO)	http://zeus.dl.playstation.net/cdn/UP9000/NPUG70122_00/nVhQrnNNEopJUKPjcouLuKMcVbHhTMBCGKSGKigAKFdkKmfVgCElCVipoHtHdYIQvNGWNMRrfvZUrndyHrvARsLQoVWWtzWDmaKoO.pkg	UP9000-NPUG70122_00-Y3DDEMO000000002				31282304	
NPUG70003	US	PSP	SOCOM: Tactical Strike (DEMO)	http://zeus.dl.playstation.net/cdn/UP9000/NPUG70003_00/kcahcB2lDDjNVbg7bvOLYuoEVp2MlPO1Ud5Jx2nbrjXBVti116OlypF7V91mFJ2c7mjncK76t9OAAcN81NFWcyCG78jU5eG9IgCNY.pkg	UP9000-NPUG70003_00-DEMO000000000000				440222896	
NPUG80265	US	PSP	MotorStorm: Arctic Edge	http://zeus.dl.playstation.net/cdn/UP9000/NPUG80265_00/OfvqVBD62jxEsBby3LXDPrV3OUUKea9PsCgoyki5LeDgfOLDGt3T7l0yplaEYwf4G2vXiss7NT2y85qkKhB5M9FNCy5OWfDBqA8YU.pkg	UP9000-NPUG80265_00-DPCMOTORST000001				50159120	
NPUH90008	US	PSP	R-TYPE COMMAND (DEMO)	http://zeus.dl.playstation.net/cdn/UP0005/NPUH90008_00/aItWlUGobPfbF04vn73UiM5V5XPKtayimhHoCQRxWSMDLwEsWCfUA8RAPBVmmT4wFDkvuFsvkQCUpOt5sP9EoDwOOmHRJF1j7EuMp.pkg	UP0005-NPUH90008_00-RTYPECOMMANDDEMO				124438176	
NPEE00001	EU	PSP	Crash Bandicoot®	http://zeus.dl.playstation.net/cdn/EP9000/NPEE00001_00/lynQpdHRpLSNX1f0t1OKfVCNtrp9sesAEAAU0AKvbetIH17n3t1FKq405Tqo7UIjcLeryfULhsmwynaf6mBOJbhmejREoHIjk7aBq.pkg	EP9000-NPEE00001_00-GCRASHBANDG00001				483596736	
NPUI94448	US	PSP	Um Jammer Lammy	http://zeus.dl.playstation.net/cdn/UP9000/NPUI94448_00/yBFTVDBQNR8p7JkAv7e2xXKDg25fe2lMGE6RPdFRFUeFR8UJiLW3KY30uPMsmPQKM7AuvBIObqbAHYx1vPChXWF8cDbN4uuC0OnSS.pkg	UP9000-NPUI94448_00-0000000000000001				536460048	
NPUJ00879	US	PSP	FINAL FANTASY® V	http://zeus.dl.playstation.net/cdn/UP9000/NPUJ00879_00/GZnkJzlCwmDBOkwvDBGqOdgNjTnMfsZptXoxTUcXNiTjuDiaZuXivyyuWGHzbYtIPLOnQjTFeLOqtNYSCGmJxiciiWJmjebPrPTMQ.pkg	UP9000-NPUJ00879_00-0000000000000001				169891344	
NPUI94451	US	PSP	Syphon Filter® 2	http://zeus.dl.playstation.net/cdn/UP9000/NPUI94451_00/9fhc5BkSLQ8Oesl9jYLqrlXJoBSCTYIFYjWqmefxkXiPVRNA0gj98Wm6MYqY1Mv1D71DxqHtv4huHVmAWYwLQNT844WNcI0yAl61K.pkg	UP9000-NPUI94451_00-0000000000000001				942143792	
NPUJ00957	US	PSP	Metal Gear Solid VR Missions	http://zeus.dl.playstation.net/cdn/UP9000/NPUJ00957_00/DlJTspPjcHNBnPZtiYnSNdjzvyIAGnsSREChVcuLvpdowlMzzDQhscxQYqeGxlkqLwdUlrmftklpcBDOzjzdwOPwNocVKwuxFAxJG.pkg	UP9000-NPUJ00957_00-0000000000000001				325443904	
NPUG70005	US	PSP	MLB® 08 The Show™ Demo	http://zeus.dl.playstation.net/cdn/UP9000/NPUG70005_00/jO3Jn0fd1SuIKV0o79QK60FgkFB1ryKFEinmJuKMH7IeIDR3H0KAQb2QvNWL6QsUsHycIkOSq4uugyRKlWb4nr7xiFxYQ386gbiGC.pkg	UP9000-NPUG70005_00-MLB08THESHOWDEMO				152028224	
NPUG70079	US	PSP	NBA 10: THE INSIDE Demo	http://zeus.dl.playstation.net/cdn/UP9000/NPUG70079_00/pMRyj3P1UdmI7n92NbHM8hKs3DwcYaNTgd02uYOexf9Am24ET5YxPjaSB8y887mvmdxsNyCOxwPYT8ed4rttHp9OHMtiQ4K9DxwTV.pkg	UP9000-NPUG70079_00-NBA10THEDEMO0000				199250448	
NPJH90040	JP	PSP	流行り神PORTABLE　警視庁怪異事件ファイル 大容量体験版	http://zeus.dl.playstation.net/cdn/JP0404/NPJH90040_00/bHnWhOh6yDWnLeTJu9X8ml9U0CQVHDSYNiPaAUq4GVdu2l7oqkpTmwfqLw2s9gUrdh8bVQW5pnQdEaQCMwrjF05Q5V0P7UKcgE1vR.pkg	JP0404-NPJH90040_00-PP001D0000000001				70965712	
NPUJ01013	US	PSP	Legend of Mana®	http://zeus.dl.playstation.net/cdn/UP9000/NPUJ01013_00/NMvEKZiePqYTHXbUseJoqkXzawbLsbIhYGLyQnurbZFlKQpyGEHWQXvmUNqRcnoGeJyYQUYazEqNmulyytVWwIvTHscZsgfIIcDIo.pkg	UP9000-NPUJ01013_00-0000000000000001				369062896	
NPJJ00352	JP	PSP	SIMPLE1500シリーズ Vol.39 THE 麻雀2(PS3®･PSP®用)	http://zeus.dl.playstation.net/cdn/JP0367/NPJJ00352_00/b8LaHvusCCC8I8xSDVec9rm0QvyKfX57PsbuR5SRvXGyI78agbY9DUTshnKMJJwe2e1WXhC0dXJDTYahCbonfqj36nh9xfpFRqams.pkg	JP0367-NPJJ00352_00-0000000000000001				98785712	
NPJJ00714	JP	PSP	モンスターファーム２™	http://zeus.dl.playstation.net/cdn/JP0106/NPJJ00714_00/AlEpeCTyUBovIugqxLoMLkyiDhilfkaErrkSHSbKveHypyjDPCYRpZywiNmcZERtMBGIyqhKCWTuRlIRUTFgGozKIYJuwUIxjZODI.pkg	JP0106-NPJJ00714_00-0000000000000001				196348416	
NPJJ00029	JP	PSP	LUNATIC DAWN Ⅲ	http://zeus.dl.playstation.net/cdn/JP0011/NPJJ00029_00/JP0011-NPJJ00029_00-0000000000000001_bg_1_0307264684cf6fb2c41dfc64ac33901256fd428a.pkg	JP0011-NPJJ00029_00-0000000000000001				206073408	
NPJJ00707	JP	PSP	ぷよぷよSUN決定盤	http://zeus.dl.playstation.net/cdn/JP0177/NPJJ00707_00/gEfDPvhhvyRozAfynNymLJDnnFhxcUTmrXOVNIqHkINQXsnWSgHuviMixKFofwjzOoEAyjcfMjFPSDgVRXWDpJglkUsiJPyLdwSKt.pkg	JP0177-NPJJ00707_00-0000000000000001				211467200	
NPJJ00722	JP	PSP	ストリートファイター®ZERO2'	http://zeus.dl.playstation.net/cdn/JP0102/NPJJ00722_00/bweSddftuoEvJCkwRghKbdajwqZnZoWJDZDxyOCzuoNafCMBxOBUhWLEDxMGNbnNLvnsICGUvyIMeMTOaRrIAjhAGsjnVnCtfFfmD.pkg	JP0102-NPJJ00722_00-0000000000000001				429869344	
NPJJ00204	JP	PSP	ボンバーマンランド(PS3®･PSP®用)	http://zeus.dl.playstation.net/cdn/JP0555/NPJJ00204_00/ec35QNvbtUDBj9pHKA3E4kYMq7JUtN4rQop3JnGBlMNeFieOXMluUWurJJipcGjAyt5S8UMk8SLuVa3RpAeDJNCFJ8XaqE9uvDOe9.pkg	JP0555-NPJJ00204_00-0000000000000001				194138944	
NPJJ00195	JP	PSP	ボンバーマン ファンタジーレース(PS3®･PSP®用)	http://zeus.dl.playstation.net/cdn/JP0555/NPJJ00195_00/kOh5OWUpgjuF3XUppvL2iQMk6OQFDrGbaw8vt1bAxLxGhExVMRlqCEOYA9OcKFRjxGorKcx25K0KSSCm5MO4wWdHLuUq84hyl3JdG.pkg	JP0555-NPJJ00195_00-0000000000000001				149764720	
NPJJ00353	JP	PSP	SIMPLE1500シリーズ Vol.40 THE 将棋2(PS3®･PSP®用)	http://zeus.dl.playstation.net/cdn/JP0367/NPJJ00353_00/ytUxbu8VncfNNrgJ4sPAmRhPDbKc7dVvrG59Nanv5vUBnvmgMNWrArN4vIUMKPT6eOvuJv6h6coudrIjswdhxf2Lb84GKeMJd5vFh.pkg	JP0367-NPJJ00353_00-0000000000000001				93453456	
NPJJ00743	JP	PSP	カプコンジェネレーション ～第5集 格闘家たち～	http://zeus.dl.playstation.net/cdn/JP0102/NPJJ00743_00/JP0102-NPJJ00743_00-0000000000000001_bg_2_7482c1c117d16ba7ec3082974e1046a01e9c27f1.pkg	JP0102-NPJJ00743_00-0000000000000001				269813136	
NPJJ00094	JP	PSP	三洋パチンコパラダイス2(PS3®・PSP®用)	http://zeus.dl.playstation.net/cdn/JP0024/NPJJ00094_00/sndCEcJm5SM8iJ8hSvxXk02i0Ag8fmbJQwBPHrkm3cjjjNr3rGyFXCCjBp1M5bCYDT4tGQtdbXhT2x9gC5Ql41rUBRSqdMd4mixof.pkg	JP0024-NPJJ00094_00-0000000000000001				73621664	
NPJJ00725	JP	PSP	ロックマン®X4	http://zeus.dl.playstation.net/cdn/JP0102/NPJJ00725_00/vNpoZsyCRtmRpBKYhJQghqQcEYaeigEtlxsaXMOOpeUBcSHKWmauSMHVPemsqfXmYPpzpnYpTtCmFDmDOYZqPmeNbqAnynSvxwmQR.pkg	JP0102-NPJJ00725_00-0000000000000001				628815824	
NPEF00152	EU	PSP	Final Fantasy® V	http://zeus.dl.playstation.net/cdn/EP0082/NPEF00152_00/lHWtUJKswiRcCEDFdhlrVayHBUxFrmIFcrgCrrtKIyWVfGKHViEjdUxgjmWvbJvl.pkg	EP0082-NPEF00152_00-GFINALFANT000ENG				118387600	
NPEE00008	EU	PSP	Crash Bandicoot®2	http://zeus.dl.playstation.net/cdn/EP9000/NPEE00008_00/rYG7dbClFfUSxVsjgxeoy3gaGV0OIW28Sf7LpiuGuJT9u6NHoEgN6KjKbY3O6Ob29EP0f9yDXRgnJXIp1vvWoNXUYsSO7qp8DHBSc.pkg	EP9000-NPEE00008_00-GCRASHBANE000002				140115504	
NPEF00036	EU	PSP	METAL GEAR SOLID	http://zeus.dl.playstation.net/cdn/EP0101/NPEF00036_00/XDCMhCuFBXyyrAEyxzELMpxUEmJdxhYekYJmMSqfgtXDcKjdZpvadyDxyUhxkTAI.pkg	EP0101-NPEF00036_00-GMETALGEAR000ENG				783337616	
NPEF00098	EU	PSP	Oddworld Abes Oddysee	http://zeus.dl.playstation.net/cdn/EP4134/NPEF00098_00/unrARfWUdJ9HWeTgQuX2liusDXY1bvUkONjPH4H1xBubqDGiFMG5EmThVAMnGJTtJNtn3f6c8ww4rYvEjyA1qXIhIA3c6Y4PqapRT.pkg	EP4134-NPEF00098_00-GABESODDWO000ENG				487550768	
NPEF00097	EU	PSP	Oddworld: Abe's Exoddus	http://zeus.dl.playstation.net/cdn/EP4134/NPEF00097_00/BSFUBQ7jnM3RL9jPo3s2Ri0xdHvjwWf0CeFgimiXFOWF0ANjRM9OXnaRfWqyShsNifFlBAmGD9KUb10dJQnHC2onAfntYkPCUax43.pkg	EP4134-NPEF00097_00-GABESODDWO000ENG				767330320	
NPEF00143	EU	PSP	Sports Superbike 2	http://zeus.dl.playstation.net/cdn/EP4061/NPEF00143_00/1Xtmcy93Lc69mK1jIGGoYlHEC1KxbIL2hJbnL0cYysJspq5SGINLHBuWiCmG3oOm.pkg	EP4061-NPEF00143_00-GSPORTSSUP000ENG				38699200	
NPEF00109	EU	PSP	TEKKEN 2	http://zeus.dl.playstation.net/cdn/EP0700/NPEF00109_00/Auqs8KRp3A3cS8724Xy1WSFpK2HWUUx3EqAiqHUfgsO8E7InsNgK241MmpQE36DG.pkg	EP0700-NPEF00109_00-GTEKKEN2XX000ENG				508555344	
NPEF00071	EU	PSP	Final Fantasy IX	http://zeus.dl.playstation.net/cdn/EP0082/NPEF00071_00/0wxoah7CO1CdITXQgnuVWNHD36teGTDRVowNHErTwlRtUqVV2yhGgLwdNihkVeVNy3PKctb39k32dtX3B0mR2ODNVwXDKWgrllpHS.pkg	EP0082-NPEF00071_00-GFINALFANT000ENG				1599073824	
NPEF00070	EU	PSP	Final Fantasy VIII	http://zeus.dl.playstation.net/cdn/EP0082/NPEF00070_00/xtkCijqDO0qkdhHGrS2mfXX3aw7fXiD2LSypDC6qhKt5MyqjQydu4yDpJpRMVePaq8lKLQm9HF4XINhnRsdegAyjlC89AWDvMIfTb.pkg	EP0082-NPEF00070_00-GFINALFANT000ENG				1887916960	
NPEE00014	EU	PSP	Crash Bandicoot 3 Warped™	http://zeus.dl.playstation.net/cdn/EP9000/NPEE00014_00/hQSu8ucJdKg6FSLgGE5nnMKxcLWCdoC7CiDvtUEPFcKecwPicpoQCHaGYUIk2jyuK6O4GkjkfrQmw7RQmcyWwgngcLBAQhtl4Rusc.pkg	EP9000-NPEE00014_00-GCRASHBAN3E00001				140179264	
NPEF00069	EU	PSP	Final Fantasy VII	http://zeus.dl.playstation.net/cdn/EP0082/NPEF00069_00/aALrULuaUvJreGRAh2kBwATUvVAIpbtVxnMg1R155tUtLlOTWrkrvvuNY0VsfRcWjSIQHsLbD6bqvCAkB6lpoRaorfNAo9uEcvcUO.pkg	EP0082-NPEF00069_00-GFINALFANE000001				1390359328	
NPJJ00009	JP	PSP	DINO CRISIS®(PS3®・PSP®用)	http://zeus.dl.playstation.net/cdn/JP0102/NPJJ00009_00/fSBgCBTc3Nr63MfjfXlD1cR2m9m2jOFcyVQhyOurmpntIT3kL3Piero1raUnT5TDJeMyMYUaxFR2qdjB2hBiGUltPbAfTVRXcKbrQ.pkg	JP0102-NPJJ00009_00-0000000000000001				266379520	
NPJJ00538	JP	PSP	DINO CRISIS® 2(PS3®･PSP®用)	http://zeus.dl.playstation.net/cdn/JP0102/NPJJ00538_00/TOviqCzedWiOcesxVmVqCVpGxNlZbKDAtbbSjxIiYUIiOhEwVFXAOyGjxUSvYGgfqiRWCSjRAViiDzkFLoTyHKbrOezMKvNLlNiXG.pkg	JP0102-NPJJ00538_00-0000000000000001				339963760	
NPUJ00585	US	PSP	Klonoa®: Door to Phantomile	http://zeus.dl.playstation.net/cdn/UP9000/NPUJ00585_00/EpbYPaKrMdMpaKXzKIHXNHbNQoCMHMxcHhlcnkovXFbCIfvssxzpTFKZzOeiuhmbpxZLBVIRljqYtenAhlBYpDYPnrcUUfPORVOeg.pkg	UP9000-NPUJ00585_00-0000000000000001				453253760	
NPUJ01538	US	PSP	Disney•Pixar A Bug's Life	http://zeus.dl.playstation.net/cdn/UP9000/NPUJ01538_00/15ltwy3YbdmyR3GOinKb4wrYDEFDHLRjoIdOQYYQ8kaChbeeTKHqI9aSaYwA9U5BDn51R45J1aV5ow6jjUQNiQt5VYSG1kE41a6DC.pkg	UP9000-NPUJ01538_00-0000000000000001				501853968	
NPJH50261	JP	PSP	スターソルジャー	http://zeus.dl.playstation.net/cdn/JP0555/NPJH50261_00/4tc0bFoyhX0lPgnTWCrKaaI484AnL1kJe7PIN0OeAtkUlPIAPW0ap91FIpvrEJOaAxAVJqHvlQKxHYuwJ4n8rosaeHtpeL031SHVG.pkg	JP0555-NPJH50261_00-0000000000000000				42544816	
NPJJ00071	JP	PSP	ちっぽけラルフの大冒険	http://zeus.dl.playstation.net/cdn/JP0390/NPJJ00071_00/hgeyrR8UkrEYvSGXb9beTysBf53EJIrARf9GBSf1UB1qICWfGGGJvOEt0E2f5F3wyKYfy0ncy7bW1D52HltCwckoqiUTxrqn2kTSY.pkg	JP0390-NPJJ00071_00-0000000000000001				61718208	
NPEF00013	EU	PSP	Bishi Bashi Special	http://zeus.dl.playstation.net/cdn/EP0101/NPEF00013_00/FalLeoWBTeav373jAHoKYnKFC3ql3mo4WAGc9BuUw2y0UACpLWwByyLDlT2oEgnRlPW1x83jtUQBm5BCUcDk3II4y5ljcXjWVTgXn.pkg	EP0101-NPEF00013_00-GBISHIBAEN000001				137502672	
NPEF00196	EU	PSP	Klonoa™: Door to Phantomile	http://zeus.dl.playstation.net/cdn/EP0700/NPEF00196_00/lbLnmDJSkNvYImhkViyWJiKPimGAufVEhBuRLWWyhkAjeTgMRsbLazjnNfASFJuZ.pkg	EP0700-NPEF00196_00-GKLONOAXXX000ENG				449979232	
NPEF00135	EU	PSP	Ridge Racer Type 4	http://zeus.dl.playstation.net/cdn/EP0700/NPEF00135_00/QPzlGQgLfbVSjjteGhQOCIxXASvhCwAmeoJLcXExgSGaeqYDuptdsiKfWvpAIsRX.pkg	EP0700-NPEF00135_00-GRIDGERACE000ENG				362073136	
NPEF00115	EU	PSP	Legacy of Kain: Soul Reaver ™	http://zeus.dl.playstation.net/cdn/EP0776/NPEF00115_00/feTJcosQQwykXJRmihLLUlGsURuDrXZADQLSwyjqzapDCLTZNoFUZYKubDnqsfnS.pkg	EP0776-NPEF00115_00-GLEGACYOFK000ENG				396242944	
UCES00694	EU	PSP	Pursuit Force Extreme Justice	http://zeus.dl.playstation.net/cdn/EP9000/UCES00694_00/0oE65114sMnN415rCgMEObjgvInEIiTqFrKcKM3SPN6uVkKRNL8epTb0WaI2kIbj2tGWuWm7gr3r70dqhQJ2I9g4ws6Ba1OKOY2nT.pkg	EP9000-UCES00694_00-PFXTRMJUSTPSP001				1613395040	
NPEE00051	EU	PSP	G-Police®	http://zeus.dl.playstation.net/cdn/EP9000/NPEE00051_00/dO6PHnoemkmHmvQWYkLecXAO68oDyK1eajwRFugkLrKUF6MlUWVnmSV2F5gv8OF808RGPEbHarXfHCVR0xYpU8LjBIuEmEJxSksOV.pkg	EP9000-NPEE00051_00-GGPOLICEPE000001				851685200	
NPEF00110	EU	PSP	Blood Omen: Legacy of Kain™	http://zeus.dl.playstation.net/cdn/EP0776/NPEF00110_00/BLeMvKREseiAvFQwSvIDnjVDjOIOBVEPNRrLYqdftJZlqPjqxdHKYrKvxCgXCiGR.pkg	EP0776-NPEF00110_00-GBLOODOMEN000ENG				473110128	
NPEE00049	EU	PSP	Twisted Metal	http://zeus.dl.playstation.net/cdn/EP9000/NPEE00049_00/7otBPxoVyavSI3PEN1ngJys2GSDt5ThL3Xwd16M4jr3hbtLwVf82f6eqpfGANeA5RC06CHsqgfmtYGgJbVyVT7HO31imA3JduXfnW.pkg	EP9000-NPEE00049_00-GTWISMETAE000001				70375520	
NPEE00039	EU	PSP	Destruction Derby	http://zeus.dl.playstation.net/cdn/EP9000/NPEE00039_00/9wHHln8uqH6oBRy7RGVbxoXPuD10ko8q327DJVXT29oPmrftkfGe7qiboJftTKMOLFSOPnbs2p45CtsNXW6v6EpYmk0PvT7pNDnue.pkg	EP9000-NPEE00039_00-GDESTDERBE000001				67434496	
NPEE00004	EU	PSP	WipEout	http://zeus.dl.playstation.net/cdn/EP9000/NPEE00004_00/qcH5qAv3yDBvhU3rpDL7p0jNtK18NshWrr1fAJOF19a6SyI407XHY7tilA14mOG3JFIDce3KmQc4e4rUQJTJa71gmmMcDjqPkp9KQ.pkg	EP9000-NPEE00004_00-GWIPEOUTPSE00001				96352704	
NPEE00044	EU	PSP	Vib-ribbon™	http://zeus.dl.playstation.net/cdn/EP9000/NPEE00044_00/EdFsQopOntKHrCzrJWbTFvrFHUZxqIcuxWvgoeGrqAWFofokVPQLhBOVIxUszCfw.pkg	EP9000-NPEE00044_00-GVIBRIBBON000ENG				26783616	
NPEE00006	EU	PSP	MediEvil®	http://zeus.dl.playstation.net/cdn/EP9000/NPEE00006_00/0S0Q3mSI8vypCWVqgFnHLykRg2eoFFEfi5gBTcY3keGbayQVFoHWpL5ouB0YvGDPCY9pt9WV9Q8o4xl21Sx055BKUsRGpi3yvLrqg.pkg	EP9000-NPEE00006_00-GMEDIEVILE000001				341083792	
NPEF00171	EU	PSP	Arcade Hits: Shienryu	http://zeus.dl.playstation.net/cdn/EP2039/NPEF00171_00/RyIHslkNqgmLJRcKbzfbxoSqDwBCJWieXQAmaEdYzChybLQlXDZcFibRHqQjvySh.pkg	EP2039-NPEF00171_00-GARCADEHIT000001				458660080	
NPEF00051	EU	PSP	Castlevania: Symphony of the Night	http://zeus.dl.playstation.net/cdn/EP0101/NPEF00051_00/yuvtcxeQZDGBfkajFFjGxZozBjcZqSwKlyGTOnPpAirNoNOVofoeCEDkbYrGeIcn.pkg	EP0101-NPEF00051_00-GCASTLEVAN000ENG				364971216	
NPEF00011	EU	PSP	Tomb Raider	http://zeus.dl.playstation.net/cdn/EP0776/NPEF00011_00/1g6SVH9rMGEeaorLRD4uqMiw3Fh0nMHlVDCVLoE027JaFsHRFDV8HMRFKrUVnpuQ.pkg	EP0776-NPEF00011_00-GTOMBRAIEN000001				218860192	
NPEF00080	EU	PSP	A Bugs Life	http://zeus.dl.playstation.net/cdn/EP1006/NPEF00080_00/6ss6E8hmkMWO9qJsVnOXdLtQ8RKASqBhCSIk7LQnnePtTMumaRJVeICE5QaEcAMDxNFnvOJbjLBHaxksWa84oPDJC82AD7o7SEYVU.pkg	EP1006-NPEF00080_00-GABUGSLIFE000ITA				479461216	
NPEF00077	EU	PSP	Monsters Inc Scare Island	http://zeus.dl.playstation.net/cdn/EP1006/NPEF00077_00/Ps06IobeqL2TywL4q5eLjclcjxvblee8qnni5N4hYvnpt7JPB64h1C2yoMF9W54pPH761GSmQxhCUEl83BkTnPm4guK5roGKpMSTG.pkg	EP1006-NPEF00077_00-GMONSTERSI000ITA				384699824	
NPUJ01334	US	PSP	Mega Man® X5 (PSOne Classic)	http://zeus.dl.playstation.net/cdn/UP9000/NPUJ01334_00/rQOuUKfwBvjRpVftbKlpTRVmSOGKrAeGfxSnotAeQSPMAvgpCsRZXUnMOGehShbk.pkg	UP9000-NPUJ01334_00-0000000000000001				361237808	
NPUJ00561	US	PSP	Mega Man® X4 (PSOne Classic)	http://zeus.dl.playstation.net/cdn/UP9000/NPUJ00561_00/IpOsRmynxUhAhhEoIZPOdlSjygSFWcHLeyjDOqqyCvoMUNgQIHDaOOjKaVhIIDrB.pkg	UP9000-NPUJ00561_00-0000000000000001				390043168	
NPUI94304	US	PSP	Twisted Metal®	http://zeus.dl.playstation.net/cdn/UP9000/NPUI94304_00/MiRLFmPhvovacfUNnlUlPvsYNASEKALNPOPgsoFcbPAMnGQpCjscADzqWtFxHgsMTLaztDFeunDHENQUUlnvCJjHBLDnDGKVfeTfd.pkg	UP9000-NPUI94304_00-0000000000000001				75374416	
NPEF00056	EU	PSP	James Pond 2 Codename Robocod	http://zeus.dl.playstation.net/cdn/EP4037/NPEF00056_00/wfQmOIQhs8iIGjDMNnt4L7dnfBl2OULmvxlmi6ReP00McikwN0Tfi6aK8VybWFHCXHUgHn9uqTtO5hIY77J4k5IkYJpykq0vHOxe9.pkg	EP4037-NPEF00056_00-GROBOCODJE000001				66707168	
NPEF00124	EU	PSP	Grandia	http://zeus.dl.playstation.net/cdn/EP0184/NPEF00124_00/dFckn1rUs6fpe7tTXdYSKpIoesCK4h1xGxyHg5YOlQOiC2i2GySIwlD0beIaRLPU.pkg	EP0184-NPEF00124_00-GGRANDIAXX000ENG				878453216	
NPEF00060	EU	PSP	Guilty Gear (ENG)	http://zeus.dl.playstation.net/cdn/EP4037/NPEF00060_00/dTbW345KFbHe20tx7JgfAXwPBcU3CTFitUGONN1F1nKUqKxnMjkjpXspahcN7IT0Tb3vLWuuaJ8v68KTdwqxp59J4OEIdLC9RvGdJ.pkg	EP4037-NPEF00060_00-GGUILTYGEA000ENG				194865296	
NPJG90011	JP	PSP	PATAPON 無料体験版	http://zeus.dl.playstation.net/cdn/JP9000/NPJG90011_00/HjHfmT2r36PPstp3VydTvX1OwLViVRMaAYq4w5W8Cm9B3rbUMGr8iAg3xDM4Cd7QxLyMpFYeAaHcHAFklGAJtFmfM230BqcBFJw0o.pkg	JP9000-NPJG90011_00-0000000000000001				41377328	
NPEF00038	EU	PSP	Silent Hill	http://zeus.dl.playstation.net/cdn/EP0101/NPEF00038_00/8aAmd8h1mqNx6LpdAwvuGavUGjAhmwkQYUh0fruIiqRdH2VFsOsUBBSBtLXCXi5bq3L6bxiT4Y2bVAHumrPP7OhLbRGRER3GKEjQH.pkg	EP0101-NPEF00038_00-GSILENTHIE000001				310428368	
NPJJ00311	JP	PSP	マジカルドロップIII よくばり特大号!	http://zeus.dl.playstation.net/cdn/JP0571/NPJJ00311_00/WACh5eEVU5xhd3XnXSBTy2AfxSpPl50AqOUgrWsGAper3IGfQMWAPm24uovwOdJm2yEr9UN5BH2yyju25NB53NY3EVSC7VBiT7LvT.pkg	JP0571-NPJJ00311_00-0000000000000001				226838192	
NPJJ00732	JP	PSP	私立ジャスティス学園® 熱血青春日記®2	http://zeus.dl.playstation.net/cdn/JP0102/NPJJ00732_00/kMQyMRunLwfdiRzgbkVypHzKhOAoHwAdaWinLzTZGdZrBdZKuHubUubmnOZVDNicVsJggXHCBVAtAhFhXpKEJFXdxWjnYGjnhxzBn.pkg	JP0102-NPJJ00732_00-0000000000000001				380396240	
NPJJ00627	JP	PSP	私立ジャスティス学園®　LEGION OF HEROES(PS3®･PSP®用)	http://zeus.dl.playstation.net/cdn/JP0102/NPJJ00627_00/CQBtjTTQjwmMbifYFETBtotMiIheGsqbfjqRUKyzJlYsYVdMsDFOUylbssVOxnkLaYJpxVRbUzoePMOUbUgwIchgVhSWtytnxncaj.pkg	JP0102-NPJJ00627_00-0000000000000001				765749088	
NPJJ00037	JP	PSP	幕末浪漫 月華の剣士(PS3®・PSP®用)	http://zeus.dl.playstation.net/cdn/JP0576/NPJJ00037_00/t7e8lPWDhrcQgFwrAx8nkejjTHmAHkWCJooawhJ3xYTPHYnMTe8nhWLhTWLmBAsCADiTfNyMIIluQBnTd73rjq12J3Y6yaM3Lhd0F.pkg	JP0576-NPJJ00037_00-0000000000000001				436136304	
NPJJ00619	JP	PSP	ライジング ザン　ザ・サムライガンマン(PS3®・PSP®用)	http://zeus.dl.playstation.net/cdn/JP0002/NPJJ00619_00/bjrtZyMmdryePQmUGjxMmCprpKKCNPyyeVBGwBQVgimNgoSqWZbTECMQbJUSmmsALKOrOBwGKfiRJZuEPjjwPDtlAepuZEUCMGjNP.pkg	JP0002-NPJJ00619_00-0000000000000001				531121184	
NPJJ00233	JP	PSP	ブシドーブレード弐(PS3®･PSP®用)	http://zeus.dl.playstation.net/cdn/JP0082/NPJJ00233_00/y2wn0U8Uwh65cJcSPpiAsh5v40bSY8pkbJWTd5V5fqENx3kqkiCjNuNsvUMjiD6yfSm04Q5jnWdy8DMx7csPqjxSQQt9rMcw9SGLr.pkg	JP0082-NPJJ00233_00-0000000000000001				346633472	
NPJJ00558	JP	PSP	スラップハッピーリズムバスターズ(PS3®･PSP®用)	http://zeus.dl.playstation.net/cdn/JP0017/NPJJ00558_00/WfZEsDZyvDWplHCAVHCDNqjUrZdnkhXaPsDKsuAuVHTEoRZHxEVdcVgxLcPyvQeqAsdxAPhBEbEgPDlOGXgXfWeXtJHkwTtkrWcGv.pkg	JP0017-NPJJ00558_00-0000000000000001				198070720	
NPJJ00005	JP	PSP	ビシバシスペシャル(PS3®･PSP®用)	http://zeus.dl.playstation.net/cdn/JP0101/NPJJ00005_00/qDe11dU5Lt12vbHLtFWxRF7kMXwecsSXBYlNolDUkNBr3MnoNlQOFPJe0fyO5L9fa6yM0eFln9DGqaFoEeSWAU4Yyrlvs0axXW7Xt.pkg	JP0101-NPJJ00005_00-0000000000000001				158064432	
NPJJ00225	JP	PSP	ブシドーブレード(PS3®･PSP®用)	http://zeus.dl.playstation.net/cdn/JP0082/NPJJ00225_00/sP1Dk1CoXuJs7NwUWKUvHqH8HDxbvwgM6hFxaqHhxQYW8uAJwf1aME9N1VntlGpEy7f8jd7OgLr6TTXJNevU8XuhHsvHtRGynK0gb.pkg	JP0082-NPJJ00225_00-0000000000000001				295242864	
NPUJ94635	US	PSP	Disney•Pixar Monsters, Inc. Scream Team	http://zeus.dl.playstation.net/cdn/UP9000/NPUJ94635_00/KN5y38liSqH78hdsKUxVvji0Pr7UvtKQXV9Rn4rlGN0mUB2x9QiL8MKxNGpoCovAhvCogwfasWmtr2eUCHbJTV3uDjDvc08qWPT4K.pkg	UP9000-NPUJ94635_00-0000000000000001				404395392	
NPUJ00439	US	PSP	Pac-Man World™ 20th Anniversary	http://zeus.dl.playstation.net/cdn/UP9000/NPUJ00439_00/AraFNdZaCyTAsHeTUsMbamRVwKHQWiGAmjMWgCWHYiMVmOqvvqUCUcqXcyNBsffr.pkg	UP9000-NPUJ00439_00-0000000000000001				246195216	
NPEH90044	EU	PSP	Split Second Demo	http://zeus.dl.playstation.net/cdn/EP1006/NPEH90044_00/iVc3uUGYl1pbPOfON8874lj45TRVm3rh2mvn017CF77RyBL6T2rl9B8uSE8KJLDo.pkg	EP1006-NPEH90044_00-SPLITSECOND00001				139691168	
NPEH90034	EU	PSP	Worms: Battle Islands Demo	http://zeus.dl.playstation.net/cdn/EP4064/NPEH90034_00/6oWi7LnUvtsPJgQII6J4nJ2tkWT7E0WouNC055m8GWIHYEbMiyOHV2EOIpXpUVsvnmbAVT6pPf1SH5jHWeWtWmlBSDfALhEAWTs6j.pkg	EP4064-NPEH90034_00-WORMSBIDEMO00001				19445040	
NPEH90037	EU	PSP	Voodoo Dice Demo	http://zeus.dl.playstation.net/cdn/EP0001/NPEH90037_00/gVwIiUumxWytDOC7kwBEQ1bnvPPNsMpS85rWFxP0MQGE7blIRrvtmjkqOiP89pbnUwWfIKPRy8JyBxjsmesahslANYon1mQcTSlJB.pkg	EP0001-NPEH90037_00-VOODOODICEDEMO13				25843744	
NPEH90028	EU	PSP	Army of TWO™: The 40th Day Demo	http://zeus.dl.playstation.net/cdn/EP0006/NPEH90028_00/st9mFNotxSaMjgKsJJHQIeQTBPHjL6NeYX8gPHSWuPs7eBXKjeUOiKgtRJOrx3A2gxcm7EedA2Q40CBeIlMQi1DQv6tVaTmG2wPbt.pkg	EP0006-NPEH90028_00-ARMYOFTWO40DDEMO				231703664	
NPEF00054	EU	PSP	Suikoden	http://zeus.dl.playstation.net/cdn/EP0101/NPEF00054_00/RwehCsZkeQeEJNoMRgsiPmkMgkvJLGTFXfLuBFgdkPWDjzdmfSKzTznFQgUwUMEj.pkg	EP0101-NPEF00054_00-GSUIKODENX000001				336798944	
NPEF00108	EU	PSP	Rayman 2 The Great Escape®	http://zeus.dl.playstation.net/cdn/EP0001/NPEF00108_00/6tiAFdwcd8DwbG5Ykx4529A1844NIWsEVul1mhrPM1Nln1wlue5wlJbmujOMH6KWbflTLE2oQE0CitanWL61yAvfO3jwkWth80Pgg.pkg	EP0001-NPEF00108_00-GRAYMAN2TH000ENG				395093376	
NPJH90349	JP	PSP	遊戯王ARC-V TAG FORCE SPECIAL 体験版	http://zeus.dl.playstation.net/cdn/JP0101/NPJH90349_00/JP0101-NPJH90349_00-YUGIOHTFSP000000_bg_2_659b997ba87e41e5517342949bc2a48cf38fc3a5.pkg	JP0101-NPJH90349_00-YUGIOHTFSP000000				171565488	
NPUJ00745	US	PSP	Darkstalkers® 3	http://zeus.dl.playstation.net/cdn/UP9000/NPUJ00745_00/GiSyKQgldWjqgkQkqYrUxwHijnAyDopeuxSYHinVQnMuijyvGmmrKBxmTZDFmwlHHmAEPZWRkgPtGUlfHHfiJSRZirkSxGFIOOhOW.pkg	UP9000-NPUJ00745_00-0000000000000001				508152656	
NPJH50441	JP	PSP	機動戦士ガンダム 新ギレンの野望	http://zeus.dl.playstation.net/cdn/JP0700/NPJH50441_00/PifqxkPdYLZsDrMuchKiSlFftbducczFVCEPDyWbKPUMfEiHEHpYMXlwsDChFNIbIQgIwrEDUKaOKWhEUxdnIkIuzUWqJCMUJRWtV.pkg	JP0700-NPJH50441_00-0000000000000000				1272366048	
NPUH90023	US	PSP	Phantasy Star Portable trial version	http://zeus.dl.playstation.net/cdn/UP0177/NPUH90023_00/oqUJnjHUayckslfAievjm8PymYYV73bgfx08NHQtxL6nMeexRG78vaqketqk1Ql6t9rSv7Ha2s4qdX8t06RhQHfojUigaCCE70Cr7.pkg	UP0177-NPUH90023_00-PHANTASYSTARPORT				285105312	
NPEE00075	EU	PSP	Spyro 3™: Year Of The Dragon	http://zeus.dl.playstation.net/cdn/EP9000/NPEE00075_00/xkPupGYxXYgjAyAqMBZjKNOUCjYvNlFqbLxKwbjsiJvjSgrIpSwmANwOIrgmDxjp.pkg	EP9000-NPEE00075_00-GSPYRO3YEA000GER				356149520	
NPEE00076	EU	PSP	Spyro The Dragon™	http://zeus.dl.playstation.net/cdn/EP9000/NPEE00076_00/HbEeGNifYqjtxTqKldWxDAjUfUWRPntynUOtgGoPlYoJstjOAwEyWQEkuVLuVYto.pkg	EP9000-NPEE00076_00-GSPYROTHED000GER				345805936	
NPEE00074	EU	PSP	Spyro 2™: Gateway To Glimmer	http://zeus.dl.playstation.net/cdn/EP9000/NPEE00074_00/likbbAsXCtkyULMcXxhDGRzmTqXKWVFOcHbIYlBfesAhYywcGczZLmLOPMniarTL.pkg	EP9000-NPEE00074_00-GSPYRO2GAT000GER				360279184	
ULES00382	EU	PSP	Metal Gear Sold Digital Graphic Novel	http://zeus.dl.playstation.net/cdn/EP0101/ULES00382_00/Ai3hDB4B3hpU5T5ckgoK3tjJof52BIa1isToKRp4KDQXrFyqxvtK5lmojrrTIitVrIldxEhPJUfr7O4UaHiGJ81dcRV1Jg6TmCKU2.pkg	EP0101-ULES00382_00-GPCMETALGE000001				1487321440	
UCES01290	EU	Go	Buzz Quiz World	http://zeus.dl.playstation.net/cdn/EP9000/UCES01290_00/iYAELmvC3es1qf4yHbkcUkb82mrEAWBpRhKvTspMJKwh4Mvqe2h60jofrqH93mw5X8LDYwKleCW1BiWEtS2iYEO93m62gxHY6xU71.pkg	EP9000-UCES01290_00-PBUZZQUIZW000005				1217369248	
UCES01334	EU	Go	THE EYE OF JUDGMENT LEGENDS	http://zeus.dl.playstation.net/cdn/EP9000/UCES01334_00/Obn7g8lRKU5j07Qec9Ag3AOq8Rm85Nxp5j5C2YidoGtUcRbT01JnUq7w9G1FIlGP4IjM9bduysmt6AxCk6X9FuOJ4AfoPHFRaNTv5.pkg	EP9000-UCES01334_00-GPCTHEEYEO000002				609179024	
UCES01225	EU	Go	Jak and Daxter The Lost Frontier	http://zeus.dl.playstation.net/cdn/EP9000/UCES01225_00/dA1nLmxEyTgMNE1vpt7Vr0p7houEEee4Jou0hXiucXBUnlM8RoSCKGePpcxFoBJA8I3qcXHbcuNLhAoPw14Y0SYOHpp5gOlN5k9oJ.pkg	EP9000-UCES01225_00-GPCJAKANDD000002				1348065360	
NPUJ01158	US	PSP	Persona®2: Eternal Punishment	http://zeus.dl.playstation.net/cdn/UP9000/NPUJ01158_00/gPEqVpBZaCUJJCBWvyQVAPtzGBHJLHoHrCuwfgGIttiOAxKfjtnMlAYyvknkUxSa.pkg	UP9000-NPUJ01158_00-0000000000000001				461923680	
NPUJ01040	US	PSP	VAGRANT STORY®	http://zeus.dl.playstation.net/cdn/UP9000/NPUJ01040_00/SzLQGCdChbyHiTqFrkDmAMACbswnDlMVcgczyVczwcFtyyoHYKmfSiakGiXvYLoXHHaPlhgoYalWDedqckLSNoVsXNIsFcIZqGsMp.pkg	UP9000-NPUJ01040_00-0000000000000001				100681520	
PCSG90007	JP	PSP	イノセンス R スペシャルドラマチックアプリ	http://zeus.dl.playstation.net/cdn/JP0700/PCSG90007_00/WleafkYLwzHJCaGxosMSRfNoEawlBunvnSxNRjixSZtQQUgxFbDRGHQAAduwDZziPzxHkpOFdarmHDoXDAhSrXenAxbDLcprbvRBZ.pkg	JP0700-PCSG90007_00-TOIRBONUS0000000				54288576	
NPJH90230	JP	PSP	テイルズ オブ ザ ヒーローズ　ツインブレイヴ イノセンスR特別体験版	http://zeus.dl.playstation.net/cdn/JP0700/NPJH90230_00/gfjbKnxZLANqjoGjGdaIKfywJspREeGZOgExbMbUQXbtYDreeWaNzCeGeIEHAbCSOUiJWktuzbAyKNGTaHHMGcDxkcnjsTvxkFIyG.pkg	JP0700-NPJH90230_00-TOHEROTRAILTOIRD				39677680	
NPJH90209	JP	PSP	FINAL FANTASY 零式 試作型番 [ナツビ]	http://ares.dl.playstation.net/cdn/JP0082/NPJH90209_00/oTyxaidFSFpNqjcotYjzQWraDmmBPwneIoSUmWOBNkoDQKNiseHMoTMQtjiPaiXeuvuKwQLpMcSRRHgpRbZGyuxxKHeyrAXlaGRnJ.pkg	JP0082-NPJH90209_00-0000000000000000				348194560	
NPJG90094	JP	PSP	パタポン３（仮）～ビックリたっぷり！１００時間体験版～	http://ares.dl.playstation.net/cdn/JP9000/NPJG90094_00/wVzmGeOVgYlyYFDJDVjbfFlULPXPeilfLcCGsEQHqBuDkizqLRcleHrQtBxBVYcYCaWtFDeRvIptxCTkbwpfbOriZyyWRGtxqHPcN.pkg	JP9000-NPJG90094_00-0000000000000001				325889920	
NPJH90169	JP	PSP	SPLIT SECOND-スプリットセカンド- 体験版	http://zeus.dl.playstation.net/cdn/JP0740/NPJH90169_00/vfBhfwhWSoLUJjeFbOdMYYSgeANmFNaVDhRBugVwPizKtljeTeYYTqQciEqxIUyTCHoFOVyfjbGuXNYDBnndkXaFRhtNToveFueVX.pkg	JP0740-NPJH90169_00-SPLITSECOND00001				165730512	
NPJH90146	JP	PSP	MONSTER HUNTER PORTABLE® 3rd　体験版	http://zeus.dl.playstation.net/cdn/JP0102/NPJH90146_00/8fLURtkO2C59GhHwjwaFkcMAMQ1qAGCO9rfain9BLj6eJ8qM5ptdIbgg3Vre9eDYRR0Ht1vR2aonQgV9kugscGhGkTnvM3nf67Acx.pkg	JP0102-NPJH90146_00-CONTENT0000DLPKG				147085408	
NPJG90095	JP	PSP	ゴッド・オブ・ウォー 降誕の刻印 体験版	http://zeus.dl.playstation.net/cdn/JP9000/NPJG90095_00/AhqjGv5Id6t9i57fb8oQfHg0bvs3qxsq2YEge88WJipWxocbidLwDH08dVwgaA9mwJUG7cbLWsH24FmOqePXxschyAMS7m7fFgF1T.pkg	JP9000-NPJG90095_00-GODOFWARGOS00001				99308896	
NPJH90156	JP	PSP	戦場のヴァルキュリア３ 体験版	http://ares.dl.playstation.net/cdn/JP0177/NPJH90156_00/dTDL738RSynWetbOeBMHW2OLiRclFtav9ypFrWVTEpOGGc1Tw4q0NOn06YueDJyiECfgle5Iqokvbfg3qsVs5YI9IpgV7DwXxFFAL.pkg	JP0177-NPJH90156_00-VALKYRIA3TRIALJP				163103184	
NPJH90162	JP	PSP	戦国絵札遊戯　不如帰　大乱　体験版	http://zeus.dl.playstation.net/cdn/JP0024/NPJH90162_00/qISr8RFEqmJ2DrXGouLca7r6p3uNeDog4yvr0Fx3rjMgAyOW5GBtpPAKlT8OMe1uf2DNqTKapSOHlpvwuhoOwSm4GoP7LuIK0yXTv.pkg	JP0024-NPJH90162_00-0000A7T000010100				161691264	
NPJH90130	JP	PSP	Tales of phantasia なりきりダンジョンX 体験版	http://ares.dl.playstation.net/cdn/JP0700/NPJH90130_00/AffTyAhLSfva3nte8jqd8mFM92IJSTiuxvJGJYtIDwG4lpfaNOkEo0wpvqKMTFJFXOIHEry7JFcXj1s0FM53P7y0wN53bKRYR5KY6.pkg	JP0700-NPJH90130_00-0021440492640002				77759632	
NPJH90129	JP	PSP	FAIRY TAIL PORTABLE GUILD 体験版	http://zeus.dl.playstation.net/cdn/JP0101/NPJH90129_00/fxv6DIK5mA5TWRG9IQY8XaWwElpL2UxVD3ntSkylXFyr26JrEW3MiQ6HwdT1en8VrqBm2r1oC0cEr4LYt7KBdewUcWtPipF1FxmXn.pkg	JP0101-NPJH90129_00-5462761486321487				181584048	
NPJH90126	JP	PSP	NARUTO－ナルト－ 疾風伝 キズナドライブ　体験版	http://ares.dl.playstation.net/cdn/JP0700/NPJH90126_00/8balVfMj2wUvNDWvjTxcBUprXfcEBoLskDH5fCjmKT5XN6oKTLpngkDLLfGmqUimr6Ksg0g2WghSb00sebEXEjx8dN07ABKrbRg9d.pkg	JP0700-NPJH90126_00-KIZUNADRIVEDEMO1				35874736	
NPJH90122	JP	PSP	TALES OF PHANTASIA クロスエディション 体験版	http://ares.dl.playstation.net/cdn/JP0700/NPJH90122_00/TEnJm8UXqOQjk1GhTGYU8nkiOewD5du2lxfyOd8JcXnAbKiqv5G1SV9Be2fI24UnnLIUHrewUdQ2r8V4NRuvqCSy8NPna7C4gRmRU.pkg	JP0700-NPJH90122_00-0021440492640001				58266640	
NPJH90113	JP	PSP	ＮＡＲＵＴＯ-ナルト-疾風伝　ナルティメットアクセル３　体験版	http://zeus.dl.playstation.net/cdn/JP0700/NPJH90113_00/JJ1iTf3qXt0soxckftJdds0T7r4jBScwKfBGUbm3sbJfO60DONvFy5mkGlocTX451U1vVKkvKJ3S9DHETp7pBNpBFabCqtXKWukBy.pkg	JP0700-NPJH90113_00-00000000CC20UNH3				44954448	
NPJH90069	JP	PSP	GOD EATER 体験版	http://zeus.dl.playstation.net/cdn/JP0700/NPJH90069_00/OdlcXoVNcyeviEXW2ffU6FGi8GFOO1ogoC2NfQcTRVxOLTYfAjBu8Eqr6kU06OWepC9lWBFexBtg8c4O9GnPUqktqSr0j7t2fs8An.pkg	JP0700-NPJH90069_00-DOWNLOADABLEDEMO				147242624	
NPJH90082	JP	PSP	METAL GEAR SOLID PEACE WALKER 未完成抑止版	http://zeus.dl.playstation.net/cdn/JP0101/NPJH90082_00/MYbeQdTWWvGir8B3D9HbGFoO2jH5qSk5gkFOwuWRjyvMuNJVkhOFeIClVxGqnd3lLLVonsVQ7re3mOj1xlQuROKJ43O74mOgBxkgu.pkg	JP0101-NPJH90082_00-0000000000000100				108437344	
NPJH90062	JP	PSP	ファンタシースターポータブル２　スペシャル体験版	http://zeus.dl.playstation.net/cdn/JP0177/NPJH90062_00/lNR9kNgmsrQ237pjUsEjRiN9aoT93jjRmS7MRDykvhiajaMCMbjdKBUtimh0cjfAIaGTHoTdoSwy53IE9aXeCjGmIUiQIwe9xNUsB.pkg	JP0177-NPJH90062_00-PHANTASYSTARPORT				383345040	
NPJG90047	JP	PSP	みんなのスッキリ™ 体験版 ｢スッキリ！ホームラン｣	http://zeus.dl.playstation.net/cdn/JP9000/NPJG90047_00/a3unbf67neSVoa3WbhNXhjwcQCp6nVaQUK13Qg54cL5TJnUpVyuoE4mCoQnIv3vgd751lwS2FcLOsW3nGXbYRTGThgrnDgP71SFFr.pkg	JP9000-NPJG90047_00-0000111122223333				24855008	
NPJH90021	JP	PSP	真・三國無双 MULTI RAID 体験版	http://zeus.dl.playstation.net/cdn/JP0106/NPJH90021_00/v5LWA82TawnxyMKYktsVxRHkuTRM4V4eowqTGJRopEnPysXcdSSex49j6hhqiyfyi1IbefaBdmpflxQtTx0Vswk9WcL1hNUAnUuxm.pkg	JP0106-NPJH90021_00-36340259522652FF				212431216	
NPEF00098	EU	PSP	Oddworld Abes Oddysee	http://zeus.dl.playstation.net/cdn/EP4134/NPEF00098_00/U3XR9wnjyQSjXtAB551jpcAewyGwVWdr5XWElTqrDRItqhQ8itfoP6IskT5QBUyfSlgQYPJXvo7qXjrbbtWTlUYRvXJOv9i9NLgmT.pkg	EP4134-NPEF00098_00-GABESODDWO000ITA				487744320	
NPEF00038	EU	PSP	Silent Hill	http://zeus.dl.playstation.net/cdn/EP0101/NPEF00038_00/yKpSAygi6OB7jko31OCyCOWA4Xbm4vkBW5j2L81AjVlsPU1eq4IvWEkCtIkrShQybXvamas5n0SBkxfJRrPMnec8fHSW6sM8wQqM7.pkg	EP0101-NPEF00038_00-GSILENTHII000001				310431776	
NPEF00196	EU	PSP	Klonoa™: Door to Phantomile	http://zeus.dl.playstation.net/cdn/EP0700/NPEF00196_00/apOaluIorJktJYTJWApKtXqFNEXRyStSTuTxeZzEAiKjBrOSVUBEYQQOTBmJlkfB.pkg	EP0700-NPEF00196_00-GKLONOAXXX000ITA				449984640	
NPJH00142	JP	PSP	遊 戯 王 アーク・ファイブ タッグフォース スペシャル	http://zeus.dl.playstation.net/cdn/JP0101/NPJH00142_00/JP0101-NPJH00142_00-YUGIOHTFSP000000_bg_1_8193e94a8ede3f7c306ca96f95bce58bb5585bfd.pkg	JP0101-NPJH00142_00-YUGIOHTFSP000000				561267648	
NPJI00032	JP	PSP	Ape Escape	http://zeus.dl.playstation.net/cdn/JP9000/NPJI00032_00/yDEZVKNgPCaRafOSWZOlrSkzhSDJzwveLKpePEolWcZzEceAuFIEeTqGTbtxKsOJCVjcCbXZQECOaNsExfoTYKjkRRArXBidsltMp.pkg	JP9000-NPJI00032_00-0000000000000001				119874464	