$__	isNew	errors	_doc	$locals	$init
{"strictMode":true,"selected":{},"getters":{},"_id":"5d1cedb922dada76d7150410","wasPopulated":false,"activePaths":{"paths":{"contentId":"init","titleId":"init","title":"init","platform":"init","category":"init","pkg":"init","minFw":"init","appVer":"init","status":"init","completionDate":"init","_id":"init","region":"init","version":"init","__v":"init","createdAt":"init","fileSize":"init","license":"init","licenseType":"init","notes":"init","prettySize":"init","productId":"init","updatedAt":"init","url":"init"},"states":{"ignore":{},"default":{},"init":{"_id":true,"category":true,"contentId":true,"minFw":true,"platform":true,"region":true,"titleId":true,"version":true,"__v":true,"appVer":true,"completionDate":true,"createdAt":true,"fileSize":true,"license":true,"licenseType":true,"notes":true,"pkg":true,"prettySize":true,"productId":true,"status":true,"title":true,"updatedAt":true,"url":true},"modify":{},"require":{}},"stateNames":["require","modify","init","default","ignore"]},"pathsToScopes":{},"cachedRequired":{},"session":null,"$setCalled":{},"emitter":{"_events":{},"_eventsCount":0,"_maxListeners":0},"$options":{"skipId":true,"isNew":false,"willInit":true}}	false		{"title":"ENGINEER - AQUA KITTY DX AVATAR","platform":"PSV","category":"Avatar","pkg":"http://zeus.dl.playstation.net/cdn/EP4501/PCSB00661_00/EP4501-PCSB00661_00-AVAQUAKITT000003_bg_1_4bf66a7bbae0e337ed496b17e05448a44c35ef14.pkg","minFw":0,"appVer":0,"status":"approved","completionDate":null,"_id":"5d1cedb922dada76d7150410","contentId":"EP4501-PCSB00661_00-AVAQUAKITT000003","region":"EU","titleId":"PCSB00661","version":0,"__v":0,"createdAt":"2019-07-03T18:02:33.165Z","fileSize":102400,"license":"MISSING","licenseType":"zRIF","notes":"","prettySize":"100.0 KiB","productId":"EP4501-PCSB00661_00-AVAQUAKITT000003","updatedAt":"2020-05-22T20:16:40.175Z","url":"https://store.playstation.com/es-es/product/EP4501-PCSB00661_00-AVAQUAKITT000003"}	{}	true
{"strictMode":true,"selected":{},"getters":{},"_id":"5d1cedb922dada76d7150413","wasPopulated":false,"activePaths":{"paths":{"contentId":"init","titleId":"init","title":"init","platform":"init","category":"init","pkg":"init","minFw":"init","appVer":"init","status":"init","completionDate":"init","_id":"init","region":"init","version":"init","__v":"init","createdAt":"init","fileSize":"init","license":"init","licenseType":"init","notes":"init","prettySize":"init","productId":"init","updatedAt":"init","url":"init"},"states":{"ignore":{},"default":{},"init":{"_id":true,"category":true,"contentId":true,"minFw":true,"platform":true,"region":true,"titleId":true,"version":true,"__v":true,"appVer":true,"completionDate":true,"createdAt":true,"fileSize":true,"license":true,"licenseType":true,"notes":true,"pkg":true,"prettySize":true,"productId":true,"status":true,"title":true,"updatedAt":true,"url":true},"modify":{},"require":{}},"stateNames":["require","modify","init","default","ignore"]},"pathsToScopes":{},"cachedRequired":{},"session":null,"$setCalled":{},"emitter":{"_events":{},"_eventsCount":0,"_maxListeners":0},"$options":{"skipId":true,"isNew":false,"willInit":true}}	false		{"title":"KITTY - AQUA KITTY DX AVATAR","platform":"PSV","category":"Avatar","pkg":"http://zeus.dl.playstation.net/cdn/EP4501/PCSB00661_00/EP4501-PCSB00661_00-AVAQUAKITT000002_bg_1_c86a22257331a3afbd4033698098ac0701f709a9.pkg","minFw":0,"appVer":0,"status":"approved","completionDate":null,"_id":"5d1cedb922dada76d7150413","contentId":"EP4501-PCSB00661_00-AVAQUAKITT000002","region":"EU","titleId":"PCSB00661","version":0,"__v":0,"createdAt":"2019-07-03T18:02:33.228Z","fileSize":102400,"license":"MISSING","licenseType":"zRIF","notes":"","prettySize":"100.0 KiB","productId":"EP4501-PCSB00661_00-AVAQUAKITT000002","updatedAt":"2020-05-22T20:16:40.051Z","url":"https://store.playstation.com/es-es/product/EP4501-PCSB00661_00-AVAQUAKITT000002"}	{}	true
{"strictMode":true,"selected":{},"getters":{},"_id":"5d1cedb922dada76d7150416","wasPopulated":false,"activePaths":{"paths":{"contentId":"init","titleId":"init","title":"init","platform":"init","category":"init","pkg":"init","minFw":"init","appVer":"init","status":"init","completionDate":"init","_id":"init","region":"init","version":"init","__v":"init","createdAt":"init","fileSize":"init","license":"init","licenseType":"init","notes":"init","prettySize":"init","productId":"init","updatedAt":"init","url":"init"},"states":{"ignore":{},"default":{},"init":{"_id":true,"category":true,"contentId":true,"minFw":true,"platform":true,"region":true,"titleId":true,"version":true,"__v":true,"appVer":true,"completionDate":true,"createdAt":true,"fileSize":true,"license":true,"licenseType":true,"notes":true,"pkg":true,"prettySize":true,"productId":true,"status":true,"title":true,"updatedAt":true,"url":true},"modify":{},"require":{}},"stateNames":["require","modify","init","default","ignore"]},"pathsToScopes":{},"cachedRequired":{},"session":null,"$setCalled":{},"emitter":{"_events":{},"_eventsCount":0,"_maxListeners":0},"$options":{"skipId":true,"isNew":false,"willInit":true}}	false		{"title":"SAD CAT - AQUA KITTY DX AVATAR","platform":"PSV","category":"Avatar","pkg":"http://zeus.dl.playstation.net/cdn/EP4501/PCSB00661_00/EP4501-PCSB00661_00-AVAQUAKITT000001_bg_1_cf66bf117718b731805e24fcee364a4aa40aa2e2.pkg","minFw":0,"appVer":0,"status":"approved","completionDate":null,"_id":"5d1cedb922dada76d7150416","contentId":"EP4501-PCSB00661_00-AVAQUAKITT000001","region":"EU","titleId":"PCSB00661","version":0,"__v":0,"createdAt":"2019-07-03T18:02:33.292Z","fileSize":102400,"license":"MISSING","licenseType":"zRIF","notes":"","prettySize":"100.0 KiB","productId":"EP4501-PCSB00661_00-AVAQUAKITT000001","updatedAt":"2020-05-22T20:16:40.233Z","url":"https://store.playstation.com/es-es/product/EP4501-PCSB00661_00-AVAQUAKITT000001"}	{}	true
{"strictMode":true,"selected":{},"getters":{},"_id":"5d1cedb922dada76d7150419","wasPopulated":false,"activePaths":{"paths":{"contentId":"init","titleId":"init","title":"init","platform":"init","category":"init","pkg":"init","minFw":"init","appVer":"init","status":"init","completionDate":"init","_id":"init","region":"init","version":"init","__v":"init","createdAt":"init","fileSize":"init","license":"init","licenseType":"init","notes":"init","prettySize":"init","productId":"init","updatedAt":"init","url":"init"},"states":{"ignore":{},"default":{},"init":{"_id":true,"category":true,"contentId":true,"minFw":true,"platform":true,"region":true,"titleId":true,"version":true,"__v":true,"appVer":true,"completionDate":true,"createdAt":true,"fileSize":true,"license":true,"licenseType":true,"notes":true,"pkg":true,"prettySize":true,"productId":true,"status":true,"title":true,"updatedAt":true,"url":true},"modify":{},"require":{}},"stateNames":["require","modify","init","default","ignore"]},"pathsToScopes":{},"cachedRequired":{},"session":null,"$setCalled":{},"emitter":{"_events":{},"_eventsCount":0,"_maxListeners":0},"$options":{"skipId":true,"isNew":false,"willInit":true}}	false		{"title":"THUMBS UP - AQUA KITTY DX AVATAR","platform":"PSV","category":"Avatar","pkg":"http://zeus.dl.playstation.net/cdn/EP4501/PCSB00661_00/EP4501-PCSB00661_00-AVAQUAKITT000005_bg_1_069f8edab15ed76a86ee1f8b689fb56fa1735d42.pkg","minFw":0,"appVer":0,"status":"approved","completionDate":null,"_id":"5d1cedb922dada76d7150419","contentId":"EP4501-PCSB00661_00-AVAQUAKITT000005","region":"EU","titleId":"PCSB00661","version":0,"__v":0,"createdAt":"2019-07-03T18:02:33.356Z","fileSize":102400,"license":"MISSING","licenseType":"zRIF","notes":"","prettySize":"100.0 KiB","productId":"EP4501-PCSB00661_00-AVAQUAKITT000005","updatedAt":"2020-05-22T20:16:39.867Z","url":"https://store.playstation.com/es-es/product/EP4501-PCSB00661_00-AVAQUAKITT000005"}	{}	true
{"strictMode":true,"selected":{},"getters":{},"_id":"5d1cedb922dada76d715041c","wasPopulated":false,"activePaths":{"paths":{"contentId":"init","titleId":"init","title":"init","platform":"init","category":"init","pkg":"init","minFw":"init","appVer":"init","status":"init","completionDate":"init","_id":"init","region":"init","version":"init","__v":"init","createdAt":"init","fileSize":"init","license":"init","licenseType":"init","notes":"init","prettySize":"init","productId":"init","updatedAt":"init","url":"init"},"states":{"ignore":{},"default":{},"init":{"_id":true,"category":true,"contentId":true,"minFw":true,"platform":true,"region":true,"titleId":true,"version":true,"__v":true,"appVer":true,"completionDate":true,"createdAt":true,"fileSize":true,"license":true,"licenseType":true,"notes":true,"pkg":true,"prettySize":true,"productId":true,"status":true,"title":true,"updatedAt":true,"url":true},"modify":{},"require":{}},"stateNames":["require","modify","init","default","ignore"]},"pathsToScopes":{},"cachedRequired":{},"session":null,"$setCalled":{},"emitter":{"_events":{},"_eventsCount":0,"_maxListeners":0},"$options":{"skipId":true,"isNew":false,"willInit":true}}	false		{"title":"KEYBOARD CAT - AQUA KITTY DX AVATAR","platform":"PSV","category":"Avatar","pkg":"http://zeus.dl.playstation.net/cdn/EP4501/PCSB00661_00/EP4501-PCSB00661_00-AVAQUAKITT000004_bg_1_f341d2016675b82e561fbbb8db4080c6b9c5e99f.pkg","minFw":0,"appVer":0,"status":"approved","completionDate":null,"_id":"5d1cedb922dada76d715041c","contentId":"EP4501-PCSB00661_00-AVAQUAKITT000004","region":"EU","titleId":"PCSB00661","version":0,"__v":0,"createdAt":"2019-07-03T18:02:33.419Z","fileSize":102400,"license":"MISSING","licenseType":"zRIF","notes":"","prettySize":"100.0 KiB","productId":"EP4501-PCSB00661_00-AVAQUAKITT000004","updatedAt":"2020-05-22T20:16:39.958Z","url":"https://store.playstation.com/es-es/product/EP4501-PCSB00661_00-AVAQUAKITT000004"}	{}	true
{"strictMode":true,"selected":{},"getters":{},"_id":"5d1cedb922dada76d715041f","wasPopulated":false,"activePaths":{"paths":{"contentId":"init","titleId":"init","title":"init","platform":"init","category":"init","pkg":"init","minFw":"init","appVer":"init","status":"init","completionDate":"init","_id":"init","region":"init","version":"init","__v":"init","createdAt":"init","fileSize":"init","license":"init","licenseType":"init","notes":"init","prettySize":"init","productId":"init","updatedAt":"init","url":"init"},"states":{"ignore":{},"default":{},"init":{"_id":true,"category":true,"contentId":true,"minFw":true,"platform":true,"region":true,"titleId":true,"version":true,"__v":true,"appVer":true,"completionDate":true,"createdAt":true,"fileSize":true,"license":true,"licenseType":true,"notes":true,"pkg":true,"prettySize":true,"productId":true,"status":true,"title":true,"updatedAt":true,"url":true},"modify":{},"require":{}},"stateNames":["require","modify","init","default","ignore"]},"pathsToScopes":{},"cachedRequired":{},"session":null,"$setCalled":{},"emitter":{"_events":{},"_eventsCount":0,"_maxListeners":0},"$options":{"skipId":true,"isNew":false,"willInit":true}}	false		{"title":"ENGINEER 2 - AQUA KITTY DX AVATAR","platform":"PSV","category":"Avatar","pkg":"http://zeus.dl.playstation.net/cdn/EP4501/PCSB00661_00/EP4501-PCSB00661_00-AVAQUAKITT000010_bg_1_982e4bd2ec3f231616e3b5473313006dbcffa45e.pkg","minFw":0,"appVer":0,"status":"approved","completionDate":null,"_id":"5d1cedb922dada76d715041f","contentId":"EP4501-PCSB00661_00-AVAQUAKITT000010","region":"EU","titleId":"PCSB00661","version":0,"__v":0,"createdAt":"2019-07-03T18:02:33.477Z","fileSize":102400,"license":"MISSING","licenseType":"zRIF","notes":"","prettySize":"100.0 KiB","productId":"EP4501-PCSB00661_00-AVAQUAKITT000010","updatedAt":"2020-05-22T20:16:40.176Z","url":"https://store.playstation.com/es-es/product/EP4501-PCSB00661_00-AVAQUAKITT000010"}	{}	true
{"strictMode":true,"selected":{},"getters":{},"_id":"5d1cedb922dada76d7150422","wasPopulated":false,"activePaths":{"paths":{"contentId":"init","titleId":"init","title":"init","platform":"init","category":"init","pkg":"init","minFw":"init","appVer":"init","status":"init","completionDate":"init","_id":"init","region":"init","version":"init","__v":"init","createdAt":"init","fileSize":"init","license":"init","licenseType":"init","notes":"init","prettySize":"init","productId":"init","updatedAt":"init","url":"init"},"states":{"ignore":{},"default":{},"init":{"_id":true,"category":true,"contentId":true,"minFw":true,"platform":true,"region":true,"titleId":true,"version":true,"__v":true,"appVer":true,"completionDate":true,"createdAt":true,"fileSize":true,"license":true,"licenseType":true,"notes":true,"pkg":true,"prettySize":true,"productId":true,"status":true,"title":true,"updatedAt":true,"url":true},"modify":{},"require":{}},"stateNames":["require","modify","init","default","ignore"]},"pathsToScopes":{},"cachedRequired":{},"session":null,"$setCalled":{},"emitter":{"_events":{},"_eventsCount":0,"_maxListeners":0},"$options":{"skipId":true,"isNew":false,"willInit":true}}	false		{"title":"KITTY 2 - AQUA KITTY DX AVATAR","platform":"PSV","category":"Avatar","pkg":"http://zeus.dl.playstation.net/cdn/EP4501/PCSB00661_00/EP4501-PCSB00661_00-AVAQUAKITT000007_bg_1_ed79b590a2cab8fe48bc37ca7a9a0a8752f85293.pkg","minFw":0,"appVer":0,"status":"approved","completionDate":null,"_id":"5d1cedb922dada76d7150422","contentId":"EP4501-PCSB00661_00-AVAQUAKITT000007","region":"EU","titleId":"PCSB00661","version":0,"__v":0,"createdAt":"2019-07-03T18:02:33.536Z","fileSize":102400,"license":"MISSING","licenseType":"zRIF","notes":"","prettySize":"100.0 KiB","productId":"EP4501-PCSB00661_00-AVAQUAKITT000007","updatedAt":"2020-05-22T20:16:40.057Z","url":"https://store.playstation.com/es-es/product/EP4501-PCSB00661_00-AVAQUAKITT000007"}	{}	true
{"strictMode":true,"selected":{},"getters":{},"_id":"5d1cedb922dada76d7150425","wasPopulated":false,"activePaths":{"paths":{"contentId":"init","titleId":"init","title":"init","platform":"init","category":"init","pkg":"init","minFw":"init","appVer":"init","status":"init","completionDate":"init","_id":"init","region":"init","version":"init","__v":"init","createdAt":"init","fileSize":"init","license":"init","licenseType":"init","notes":"init","prettySize":"init","productId":"init","updatedAt":"init","url":"init"},"states":{"ignore":{},"default":{},"init":{"_id":true,"category":true,"contentId":true,"minFw":true,"platform":true,"region":true,"titleId":true,"version":true,"__v":true,"appVer":true,"completionDate":true,"createdAt":true,"fileSize":true,"license":true,"licenseType":true,"notes":true,"pkg":true,"prettySize":true,"productId":true,"status":true,"title":true,"updatedAt":true,"url":true},"modify":{},"require":{}},"stateNames":["require","modify","init","default","ignore"]},"pathsToScopes":{},"cachedRequired":{},"session":null,"$setCalled":{},"emitter":{"_events":{},"_eventsCount":0,"_maxListeners":0},"$options":{"skipId":true,"isNew":false,"willInit":true}}	false		{"title":"CAPTAIN - AQUA KITTY DX AVATAR","platform":"PSV","category":"Avatar","pkg":"http://zeus.dl.playstation.net/cdn/EP4501/PCSB00661_00/EP4501-PCSB00661_00-AVAQUAKITT000006_bg_1_173cc160a6901fa30da4960b4ce38f0a6b972a78.pkg","minFw":0,"appVer":0,"status":"approved","completionDate":null,"_id":"5d1cedb922dada76d7150425","contentId":"EP4501-PCSB00661_00-AVAQUAKITT000006","region":"EU","titleId":"PCSB00661","version":0,"__v":0,"createdAt":"2019-07-03T18:02:33.597Z","fileSize":102400,"license":"MISSING","licenseType":"zRIF","notes":"","prettySize":"100.0 KiB","productId":"EP4501-PCSB00661_00-AVAQUAKITT000006","updatedAt":"2020-05-22T20:16:40.234Z","url":"https://store.playstation.com/es-es/product/EP4501-PCSB00661_00-AVAQUAKITT000006"}	{}	true
{"strictMode":true,"selected":{},"getters":{},"_id":"5d1cedb922dada76d7150428","wasPopulated":false,"activePaths":{"paths":{"contentId":"init","titleId":"init","title":"init","platform":"init","category":"init","pkg":"init","minFw":"init","appVer":"init","status":"init","completionDate":"init","_id":"init","region":"init","version":"init","__v":"init","createdAt":"init","fileSize":"init","license":"init","licenseType":"init","notes":"init","prettySize":"init","productId":"init","updatedAt":"init","url":"init"},"states":{"ignore":{},"default":{},"init":{"_id":true,"category":true,"contentId":true,"minFw":true,"platform":true,"region":true,"titleId":true,"version":true,"__v":true,"appVer":true,"completionDate":true,"createdAt":true,"fileSize":true,"license":true,"licenseType":true,"notes":true,"pkg":true,"prettySize":true,"productId":true,"status":true,"title":true,"updatedAt":true,"url":true},"modify":{},"require":{}},"stateNames":["require","modify","init","default","ignore"]},"pathsToScopes":{},"cachedRequired":{},"session":null,"$setCalled":{},"emitter":{"_events":{},"_eventsCount":0,"_maxListeners":0},"$options":{"skipId":true,"isNew":false,"willInit":true}}	false		{"title":"OCTOPUS - AQUA KITTY DX AVATAR","platform":"PSV","category":"Avatar","pkg":"http://zeus.dl.playstation.net/cdn/EP4501/PCSB00661_00/EP4501-PCSB00661_00-AVAQUAKITT000009_bg_1_36908dba1495af66ed2307936e549e5232d22c4d.pkg","minFw":0,"appVer":0,"status":"approved","completionDate":null,"_id":"5d1cedb922dada76d7150428","contentId":"EP4501-PCSB00661_00-AVAQUAKITT000009","region":"EU","titleId":"PCSB00661","version":0,"__v":0,"createdAt":"2019-07-03T18:02:33.657Z","fileSize":102400,"license":"MISSING","licenseType":"zRIF","notes":"","prettySize":"100.0 KiB","productId":"EP4501-PCSB00661_00-AVAQUAKITT000009","updatedAt":"2020-05-22T20:16:39.868Z","url":"https://store.playstation.com/es-es/product/EP4501-PCSB00661_00-AVAQUAKITT000009"}	{}	true
{"strictMode":true,"selected":{},"getters":{},"_id":"5d1cedb922dada76d715042b","wasPopulated":false,"activePaths":{"paths":{"contentId":"init","titleId":"init","title":"init","platform":"init","category":"init","pkg":"init","minFw":"init","appVer":"init","status":"init","completionDate":"init","_id":"init","region":"init","version":"init","__v":"init","createdAt":"init","fileSize":"init","license":"init","licenseType":"init","notes":"init","prettySize":"init","productId":"init","updatedAt":"init","url":"init"},"states":{"ignore":{},"default":{},"init":{"_id":true,"category":true,"contentId":true,"minFw":true,"platform":true,"region":true,"titleId":true,"version":true,"__v":true,"appVer":true,"completionDate":true,"createdAt":true,"fileSize":true,"license":true,"licenseType":true,"notes":true,"pkg":true,"prettySize":true,"productId":true,"status":true,"title":true,"updatedAt":true,"url":true},"modify":{},"require":{}},"stateNames":["require","modify","init","default","ignore"]},"pathsToScopes":{},"cachedRequired":{},"session":null,"$setCalled":{},"emitter":{"_events":{},"_eventsCount":0,"_maxListeners":0},"$options":{"skipId":true,"isNew":false,"willInit":true}}	false		{"title":"SUPPORT CAT - AQUA KITTY DX AVATAR","platform":"PSV","category":"Avatar","pkg":"http://zeus.dl.playstation.net/cdn/EP4501/PCSB00661_00/EP4501-PCSB00661_00-AVAQUAKITT000008_bg_1_73c9c640aefc37f54aa21e22b41cd8daab1273ac.pkg","minFw":0,"appVer":0,"status":"approved","completionDate":null,"_id":"5d1cedb922dada76d715042b","contentId":"EP4501-PCSB00661_00-AVAQUAKITT000008","region":"EU","titleId":"PCSB00661","version":0,"__v":0,"createdAt":"2019-07-03T18:02:33.717Z","fileSize":102400,"license":"MISSING","licenseType":"zRIF","notes":"","prettySize":"100.0 KiB","productId":"EP4501-PCSB00661_00-AVAQUAKITT000008","updatedAt":"2020-05-22T20:16:39.959Z","url":"https://store.playstation.com/es-es/product/EP4501-PCSB00661_00-AVAQUAKITT000008"}	{}	true
{"strictMode":true,"selected":{},"getters":{},"_id":"5d1cedb922dada76d715042f","wasPopulated":false,"activePaths":{"paths":{"contentId":"init","titleId":"init","title":"init","platform":"init","category":"init","pkg":"init","minFw":"init","appVer":"init","status":"init","completionDate":"init","_id":"init","region":"init","version":"init","__v":"init","createdAt":"init","fileSize":"init","license":"init","licenseType":"init","notes":"init","prettySize":"init","productId":"init","updatedAt":"init","url":"init"},"states":{"ignore":{},"default":{},"init":{"_id":true,"category":true,"contentId":true,"minFw":true,"platform":true,"region":true,"titleId":true,"version":true,"__v":true,"appVer":true,"completionDate":true,"createdAt":true,"fileSize":true,"license":true,"licenseType":true,"notes":true,"pkg":true,"prettySize":true,"productId":true,"status":true,"title":true,"updatedAt":true,"url":true},"modify":{},"require":{}},"stateNames":["require","modify","init","default","ignore"]},"pathsToScopes":{},"cachedRequired":{},"session":null,"$setCalled":{},"emitter":{"_events":{},"_eventsCount":0,"_maxListeners":0},"$options":{"skipId":true,"isNew":false,"willInit":true}}	false		{"title":"Yellow Crollor Avatar","platform":"PSV","category":"Avatar","pkg":"http://zeus.dl.playstation.net/cdn/EP0812/PCSB00821_00/EP0812-PCSB00821_00-AVCROLLORS000001_bg_1_83cf45b6d408c1821cf07fdda21106723b159887.pkg","minFw":0,"appVer":0,"status":"approved","completionDate":null,"_id":"5d1cedb922dada76d715042f","contentId":"EP0812-PCSB00821_00-AVCROLLORS000001","region":"EU","titleId":"PCSB00821","version":0,"__v":0,"createdAt":"2019-07-03T18:02:33.776Z","fileSize":102400,"license":"MISSING","licenseType":"zRIF","notes":"","prettySize":"100.0 KiB","productId":"EP0812-PCSB00821_00-AVCROLLORS000001","updatedAt":"2020-05-22T20:16:40.177Z","url":"https://store.playstation.com/es-es/product/EP0812-PCSB00821_00-AVCROLLORS000001"}	{}	true
{"strictMode":true,"selected":{},"getters":{},"_id":"5d1cedb922dada76d7150432","wasPopulated":false,"activePaths":{"paths":{"contentId":"init","titleId":"init","title":"init","platform":"init","category":"init","pkg":"init","minFw":"init","appVer":"init","status":"init","completionDate":"init","_id":"init","region":"init","version":"init","__v":"init","createdAt":"init","fileSize":"init","license":"init","licenseType":"init","notes":"init","prettySize":"init","productId":"init","updatedAt":"init","url":"init"},"states":{"ignore":{},"default":{},"init":{"_id":true,"category":true,"contentId":true,"minFw":true,"platform":true,"region":true,"titleId":true,"version":true,"__v":true,"appVer":true,"completionDate":true,"createdAt":true,"fileSize":true,"license":true,"licenseType":true,"notes":true,"pkg":true,"prettySize":true,"productId":true,"status":true,"title":true,"updatedAt":true,"url":true},"modify":{},"require":{}},"stateNames":["require","modify","init","default","ignore"]},"pathsToScopes":{},"cachedRequired":{},"session":null,"$setCalled":{},"emitter":{"_events":{},"_eventsCount":0,"_maxListeners":0},"$options":{"skipId":true,"isNew":false,"willInit":true}}	false		{"title":"Red Crollor Avatar","platform":"PSV","category":"Avatar","pkg":"http://zeus.dl.playstation.net/cdn/EP0812/PCSB00821_00/EP0812-PCSB00821_00-AVCROLLORS000002_bg_1_e05d30cdac95d116b0721022add8e78015f14020.pkg","minFw":0,"appVer":0,"status":"approved","completionDate":null,"_id":"5d1cedb922dada76d7150432","contentId":"EP0812-PCSB00821_00-AVCROLLORS000002","region":"EU","titleId":"PCSB00821","version":0,"__v":0,"createdAt":"2019-07-03T18:02:33.836Z","fileSize":102400,"license":"MISSING","licenseType":"zRIF","notes":"","prettySize":"100.0 KiB","productId":"EP0812-PCSB00821_00-AVCROLLORS000002","updatedAt":"2020-05-22T20:16:40.058Z","url":"https://store.playstation.com/es-es/product/EP0812-PCSB00821_00-AVCROLLORS000002"}	{}	true
{"strictMode":true,"selected":{},"getters":{},"_id":"5d1cedb922dada76d7150435","wasPopulated":false,"activePaths":{"paths":{"contentId":"init","titleId":"init","title":"init","platform":"init","category":"init","pkg":"init","minFw":"init","appVer":"init","status":"init","completionDate":"init","_id":"init","region":"init","version":"init","__v":"init","createdAt":"init","fileSize":"init","license":"init","licenseType":"init","notes":"init","prettySize":"init","productId":"init","updatedAt":"init","url":"init"},"states":{"ignore":{},"default":{},"init":{"_id":true,"category":true,"contentId":true,"minFw":true,"platform":true,"region":true,"titleId":true,"version":true,"__v":true,"appVer":true,"completionDate":true,"createdAt":true,"fileSize":true,"license":true,"licenseType":true,"notes":true,"pkg":true,"prettySize":true,"productId":true,"status":true,"title":true,"updatedAt":true,"url":true},"modify":{},"require":{}},"stateNames":["require","modify","init","default","ignore"]},"pathsToScopes":{},"cachedRequired":{},"session":null,"$setCalled":{},"emitter":{"_events":{},"_eventsCount":0,"_maxListeners":0},"$options":{"skipId":true,"isNew":false,"willInit":true}}	false		{"title":"Blué Avatar","platform":"PSV","category":"Avatar","pkg":"http://zeus.dl.playstation.net/cdn/EP0812/PCSB00821_00/EP0812-PCSB00821_00-AVCROLLORS000003_bg_1_03deeff31ee831415b18f88a95a420bce7aec108.pkg","minFw":0,"appVer":0,"status":"approved","completionDate":null,"_id":"5d1cedb922dada76d7150435","contentId":"EP0812-PCSB00821_00-AVCROLLORS000003","region":"EU","titleId":"PCSB00821","version":0,"__v":0,"createdAt":"2019-07-03T18:02:33.929Z","fileSize":102400,"license":"MISSING","licenseType":"zRIF","notes":"","prettySize":"100.0 KiB","productId":"EP0812-PCSB00821_00-AVCROLLORS000003","updatedAt":"2020-05-22T20:16:40.235Z","url":"https://store.playstation.com/es-es/product/EP0812-PCSB00821_00-AVCROLLORS000003"}	{}	true
{"strictMode":true,"selected":{},"getters":{},"_id":"5d1cedba22dada76d7150438","wasPopulated":false,"activePaths":{"paths":{"contentId":"init","titleId":"init","title":"init","platform":"init","category":"init","pkg":"init","minFw":"init","appVer":"init","status":"init","completionDate":"init","_id":"init","region":"init","version":"init","__v":"init","createdAt":"init","fileSize":"init","license":"init","licenseType":"init","notes":"init","prettySize":"init","productId":"init","updatedAt":"init","url":"init"},"states":{"ignore":{},"default":{},"init":{"_id":true,"category":true,"contentId":true,"minFw":true,"platform":true,"region":true,"titleId":true,"version":true,"__v":true,"appVer":true,"completionDate":true,"createdAt":true,"fileSize":true,"license":true,"licenseType":true,"notes":true,"pkg":true,"prettySize":true,"productId":true,"status":true,"title":true,"updatedAt":true,"url":true},"modify":{},"require":{}},"stateNames":["require","modify","init","default","ignore"]},"pathsToScopes":{},"cachedRequired":{},"session":null,"$setCalled":{},"emitter":{"_events":{},"_eventsCount":0,"_maxListeners":0},"$options":{"skipId":true,"isNew":false,"willInit":true}}	false		{"title":"Doncellas guerreras: pack de avatar y tema","platform":"PSV","category":"Avatar","pkg":"http://zeus.dl.playstation.net/cdn/EP9000/PCSF00352_00/HXpOPKjsYAtGIqnCzEZWrZigZaaEgUZfLFLzMHCnHJwGmtUQbupgZqmEvcfvAqnU.pkg","minFw":0,"appVer":0,"status":"approved","completionDate":null,"_id":"5d1cedba22dada76d7150438","contentId":"EP9000-PCSF00352_00-AVDESTINYO000022","region":"EU","titleId":"PCSF00352","version":0,"__v":0,"createdAt":"2019-07-03T18:02:34.009Z","fileSize":116592,"license":"MISSING","licenseType":"zRIF","notes":"","prettySize":"113.9 KiB","productId":"EP9000-PCSF00352_00-MAIDENSOFWARBNDL","updatedAt":"2020-05-22T20:16:39.870Z","url":"https://store.playstation.com/es-es/product/EP9000-PCSF00352_00-MAIDENSOFWARBNDL"}	{}	true
{"strictMode":true,"selected":{},"getters":{},"_id":"5d1cedba22dada76d715043b","wasPopulated":false,"activePaths":{"paths":{"contentId":"init","titleId":"init","title":"init","platform":"init","category":"init","pkg":"init","minFw":"init","appVer":"init","status":"init","completionDate":"init","_id":"init","region":"init","version":"init","__v":"init","createdAt":"init","fileSize":"init","license":"init","licenseType":"init","notes":"init","prettySize":"init","productId":"init","updatedAt":"init","url":"init"},"states":{"ignore":{},"default":{},"init":{"_id":true,"category":true,"contentId":true,"minFw":true,"platform":true,"region":true,"titleId":true,"version":true,"__v":true,"appVer":true,"completionDate":true,"createdAt":true,"fileSize":true,"license":true,"licenseType":true,"notes":true,"pkg":true,"prettySize":true,"productId":true,"status":true,"title":true,"updatedAt":true,"url":true},"modify":{},"require":{}},"stateNames":["require","modify","init","default","ignore"]},"pathsToScopes":{},"cachedRequired":{},"session":null,"$setCalled":{},"emitter":{"_events":{},"_eventsCount":0,"_maxListeners":0},"$options":{"skipId":true,"isNew":false,"willInit":true}}	false		{"title":"Doncellas guerreras: pack de avatar y tema","platform":"PSV","category":"Avatar","pkg":"http://zeus.dl.playstation.net/cdn/EP9000/PCSF00352_00/ViszwtWRYaWqEZGJxMxitlwABcxdPycEGwmZqyFNUaEObwLTDWqBjvIggoystzWg.pkg","minFw":0,"appVer":0,"status":"approved","completionDate":null,"_id":"5d1cedba22dada76d715043b","contentId":"EP9000-PCSF00352_00-AVDESTINYO000021","region":"EU","titleId":"PCSF00352","version":0,"__v":0,"createdAt":"2019-07-03T18:02:34.093Z","fileSize":127248,"license":"MISSING","licenseType":"zRIF","notes":"","prettySize":"124.3 KiB","productId":"EP9000-PCSF00352_00-MAIDENSOFWARBNDL","updatedAt":"2020-05-22T20:16:39.960Z","url":"https://store.playstation.com/es-es/product/EP9000-PCSF00352_00-MAIDENSOFWARBNDL"}	{}	true
{"strictMode":true,"selected":{},"getters":{},"_id":"5d1cedba22dada76d715043e","wasPopulated":false,"activePaths":{"paths":{"contentId":"init","titleId":"init","title":"init","platform":"init","category":"init","pkg":"init","minFw":"init","appVer":"init","status":"init","completionDate":"init","_id":"init","region":"init","version":"init","__v":"init","createdAt":"init","fileSize":"init","license":"init","licenseType":"init","notes":"init","prettySize":"init","productId":"init","updatedAt":"init","url":"init"},"states":{"ignore":{},"default":{},"init":{"_id":true,"category":true,"contentId":true,"minFw":true,"platform":true,"region":true,"titleId":true,"version":true,"__v":true,"appVer":true,"completionDate":true,"createdAt":true,"fileSize":true,"license":true,"licenseType":true,"notes":true,"pkg":true,"prettySize":true,"productId":true,"status":true,"title":true,"updatedAt":true,"url":true},"modify":{},"require":{}},"stateNames":["require","modify","init","default","ignore"]},"pathsToScopes":{},"cachedRequired":{},"session":null,"$setCalled":{},"emitter":{"_events":{},"_eventsCount":0,"_maxListeners":0},"$options":{"skipId":true,"isNew":false,"willInit":true}}	false		{"title":"Doncellas guerreras: pack de avatar y tema","platform":"PSV","category":"Avatar","pkg":"http://zeus.dl.playstation.net/cdn/EP9000/PCSF00352_00/BQbXIjbDSaVhvBIghDBVwUSwNjuhGFvcsrrmXqpCeZwAwDdzBBProkzpRMhbxbQD.pkg","minFw":0,"appVer":0,"status":"approved","completionDate":null,"_id":"5d1cedba22dada76d715043e","contentId":"EP9000-PCSF00352_00-AVDESTINYO000020","region":"EU","titleId":"PCSF00352","version":0,"__v":0,"createdAt":"2019-07-03T18:02:34.179Z","fileSize":119584,"license":"MISSING","licenseType":"zRIF","notes":"","prettySize":"116.8 KiB","productId":"EP9000-PCSF00352_00-MAIDENSOFWARBNDL","updatedAt":"2020-05-22T20:16:40.178Z","url":"https://store.playstation.com/es-es/product/EP9000-PCSF00352_00-MAIDENSOFWARBNDL"}	{}	true
{"strictMode":true,"selected":{},"getters":{},"_id":"5d1cedba22dada76d7150441","wasPopulated":false,"activePaths":{"paths":{"contentId":"init","titleId":"init","title":"init","platform":"init","category":"init","pkg":"init","minFw":"init","appVer":"init","status":"init","completionDate":"init","_id":"init","region":"init","version":"init","__v":"init","createdAt":"init","fileSize":"init","license":"init","licenseType":"init","notes":"init","prettySize":"init","productId":"init","updatedAt":"init","url":"init"},"states":{"ignore":{},"default":{},"init":{"_id":true,"category":true,"contentId":true,"minFw":true,"platform":true,"region":true,"titleId":true,"version":true,"__v":true,"appVer":true,"completionDate":true,"createdAt":true,"fileSize":true,"license":true,"licenseType":true,"notes":true,"pkg":true,"prettySize":true,"productId":true,"status":true,"title":true,"updatedAt":true,"url":true},"modify":{},"require":{}},"stateNames":["require","modify","init","default","ignore"]},"pathsToScopes":{},"cachedRequired":{},"session":null,"$setCalled":{},"emitter":{"_events":{},"_eventsCount":0,"_maxListeners":0},"$options":{"skipId":true,"isNew":false,"willInit":true}}	false		{"title":"Cumbre del dragón: pack de avatar y tema","platform":"PSV","category":"Avatar","pkg":"http://zeus.dl.playstation.net/cdn/EP9000/PCSF00352_00/XcZmMgfrzefZJquKobMmsvdSAMdBOhgPLgIPXglNuwbcHtyrxSKfKNywYxpVjQVt.pkg","minFw":0,"appVer":0,"status":"approved","completionDate":null,"_id":"5d1cedba22dada76d7150441","contentId":"EP9000-PCSF00352_00-AVDESTINYO000008","region":"EU","titleId":"PCSF00352","version":0,"__v":0,"createdAt":"2019-07-03T18:02:34.258Z","fileSize":132544,"license":"MISSING","licenseType":"zRIF","notes":"","prettySize":"129.4 KiB","productId":"EP9000-PCSF00352_00-DRAGONSSUMMITBND","updatedAt":"2020-05-22T20:16:40.059Z","url":"https://store.playstation.com/es-es/product/EP9000-PCSF00352_00-DRAGONSSUMMITBND"}	{}	true
{"strictMode":true,"selected":{},"getters":{},"_id":"5d1cedba22dada76d7150444","wasPopulated":false,"activePaths":{"paths":{"contentId":"init","titleId":"init","title":"init","platform":"init","category":"init","pkg":"init","minFw":"init","appVer":"init","status":"init","completionDate":"init","_id":"init","region":"init","version":"init","__v":"init","createdAt":"init","fileSize":"init","license":"init","licenseType":"init","notes":"init","prettySize":"init","productId":"init","updatedAt":"init","url":"init"},"states":{"ignore":{},"default":{},"init":{"_id":true,"category":true,"contentId":true,"minFw":true,"platform":true,"region":true,"titleId":true,"version":true,"__v":true,"appVer":true,"completionDate":true,"createdAt":true,"fileSize":true,"license":true,"licenseType":true,"notes":true,"pkg":true,"prettySize":true,"productId":true,"status":true,"title":true,"updatedAt":true,"url":true},"modify":{},"require":{}},"stateNames":["require","modify","init","default","ignore"]},"pathsToScopes":{},"cachedRequired":{},"session":null,"$setCalled":{},"emitter":{"_events":{},"_eventsCount":0,"_maxListeners":0},"$options":{"skipId":true,"isNew":false,"willInit":true}}	false		{"title":"Cumbre del dragón: pack de avatar y tema","platform":"PSV","category":"Avatar","pkg":"http://zeus.dl.playstation.net/cdn/EP9000/PCSF00352_00/zwXQLeJzdbjlkJmbdDdYXrVwJiOLtTYZzrWHwqUbCfNmxOHQllOptOoLUjantMJl.pkg","minFw":0,"appVer":0,"status":"approved","completionDate":null,"_id":"5d1cedba22dada76d7150444","contentId":"EP9000-PCSF00352_00-AVDESTINYO000007","region":"EU","titleId":"PCSF00352","version":0,"__v":0,"createdAt":"2019-07-03T18:02:34.338Z","fileSize":138592,"license":"MISSING","licenseType":"zRIF","notes":"","prettySize":"135.3 KiB","productId":"EP9000-PCSF00352_00-DRAGONSSUMMITBND","updatedAt":"2020-05-22T20:16:40.236Z","url":"https://store.playstation.com/es-es/product/EP9000-PCSF00352_00-DRAGONSSUMMITBND"}	{}	true
{"strictMode":true,"selected":{},"getters":{},"_id":"5d1cedba22dada76d7150447","wasPopulated":false,"activePaths":{"paths":{"contentId":"init","titleId":"init","title":"init","platform":"init","category":"init","pkg":"init","minFw":"init","appVer":"init","status":"init","completionDate":"init","_id":"init","region":"init","version":"init","__v":"init","createdAt":"init","fileSize":"init","license":"init","licenseType":"init","notes":"init","prettySize":"init","productId":"init","updatedAt":"init","url":"init"},"states":{"ignore":{},"default":{},"init":{"_id":true,"category":true,"contentId":true,"minFw":true,"platform":true,"region":true,"titleId":true,"version":true,"__v":true,"appVer":true,"completionDate":true,"createdAt":true,"fileSize":true,"license":true,"licenseType":true,"notes":true,"pkg":true,"prettySize":true,"productId":true,"status":true,"title":true,"updatedAt":true,"url":true},"modify":{},"require":{}},"stateNames":["require","modify","init","default","ignore"]},"pathsToScopes":{},"cachedRequired":{},"session":null,"$setCalled":{},"emitter":{"_events":{},"_eventsCount":0,"_maxListeners":0},"$options":{"skipId":true,"isNew":false,"willInit":true}}	false		{"title":"Shin Avatar","platform":"PSV","category":"Avatar","pkg":"http://zeus.dl.playstation.net/cdn/EP9000/PCSF00352_00/voHzdOAHHVDvMAmxugPmBtNLJXiOIIDzLkCcCtiZAPcovXjguudNgUVMqCkpEKPF.pkg","minFw":0,"appVer":0,"status":"approved","completionDate":null,"_id":"5d1cedba22dada76d7150447","contentId":"EP9000-PCSF00352_00-AVDESTINYO000006","region":"EU","titleId":"PCSF00352","version":0,"__v":0,"createdAt":"2019-07-03T18:02:34.419Z","fileSize":127136,"license":"MISSING","licenseType":"zRIF","notes":"","prettySize":"124.2 KiB","productId":"EP9000-PCSF00352_00-DRAGONSSUMMITBND","updatedAt":"2020-05-22T20:16:39.871Z","url":"https://store.playstation.com/es-es/product/EP9000-PCSF00352_00-DRAGONSSUMMITBND"}	{}	true
{"strictMode":true,"selected":{},"getters":{},"_id":"5d1cedba22dada76d715044a","wasPopulated":false,"activePaths":{"paths":{"contentId":"init","titleId":"init","title":"init","platform":"init","category":"init","pkg":"init","minFw":"init","appVer":"init","status":"init","completionDate":"init","_id":"init","region":"init","version":"init","__v":"init","createdAt":"init","fileSize":"init","license":"init","licenseType":"init","notes":"init","prettySize":"init","productId":"init","updatedAt":"init","url":"init"},"states":{"ignore":{},"default":{},"init":{"_id":true,"category":true,"contentId":true,"minFw":true,"platform":true,"region":true,"titleId":true,"version":true,"__v":true,"appVer":true,"completionDate":true,"createdAt":true,"fileSize":true,"license":true,"licenseType":true,"notes":true,"pkg":true,"prettySize":true,"productId":true,"status":true,"title":true,"updatedAt":true,"url":true},"modify":{},"require":{}},"stateNames":["require","modify","init","default","ignore"]},"pathsToScopes":{},"cachedRequired":{},"session":null,"$setCalled":{},"emitter":{"_events":{},"_eventsCount":0,"_maxListeners":0},"$options":{"skipId":true,"isNew":false,"willInit":true}}	false		{"title":"Amigo en apuros: pack de avatar y tema","platform":"PSV","category":"Avatar","pkg":"http://zeus.dl.playstation.net/cdn/EP9000/PCSF00352_00/PoJDIEEzVXbYOzHrxUSBfTNXKpOzxzQERQnfSSNvElXIxcFwdXmkoMHbuKhMMeuZ.pkg","minFw":0,"appVer":0,"status":"approved","completionDate":null,"_id":"5d1cedba22dada76d715044a","contentId":"EP9000-PCSF00352_00-AVDESTINYO000009","region":"EU","titleId":"PCSF00352","version":0,"__v":0,"createdAt":"2019-07-03T18:02:34.501Z","fileSize":106704,"license":"MISSING","licenseType":"zRIF","notes":"","prettySize":"104.2 KiB","productId":"EP9000-PCSF00352_00-FRIENDINNEEDBNDL","updatedAt":"2020-05-22T20:16:39.961Z","url":"https://store.playstation.com/es-es/product/EP9000-PCSF00352_00-FRIENDINNEEDBNDL"}	{}	true
{"strictMode":true,"selected":{},"getters":{},"_id":"5d1cedba22dada76d715044d","wasPopulated":false,"activePaths":{"paths":{"contentId":"init","titleId":"init","title":"init","platform":"init","category":"init","pkg":"init","minFw":"init","appVer":"init","status":"init","completionDate":"init","_id":"init","region":"init","version":"init","__v":"init","createdAt":"init","fileSize":"init","license":"init","licenseType":"init","notes":"init","prettySize":"init","productId":"init","updatedAt":"init","url":"init"},"states":{"ignore":{},"default":{},"init":{"_id":true,"category":true,"contentId":true,"minFw":true,"platform":true,"region":true,"titleId":true,"version":true,"__v":true,"appVer":true,"completionDate":true,"createdAt":true,"fileSize":true,"license":true,"licenseType":true,"notes":true,"pkg":true,"prettySize":true,"productId":true,"status":true,"title":true,"updatedAt":true,"url":true},"modify":{},"require":{}},"stateNames":["require","modify","init","default","ignore"]},"pathsToScopes":{},"cachedRequired":{},"session":null,"$setCalled":{},"emitter":{"_events":{},"_eventsCount":0,"_maxListeners":0},"$options":{"skipId":true,"isNew":false,"willInit":true}}	false		{"title":"Cumbre del dragón: pack de avatar y tema","platform":"PSV","category":"Avatar","pkg":"http://zeus.dl.playstation.net/cdn/EP9000/PCSF00352_00/SvvPlDLkqXiEmqZlCQVBSaPJcxcaRIncHmXIitMHYwcqNpoEARepaOULqHWrbfCo.pkg","minFw":0,"appVer":0,"status":"approved","completionDate":null,"_id":"5d1cedba22dada76d715044d","contentId":"EP9000-PCSF00352_00-AVDESTINYO000004","region":"EU","titleId":"PCSF00352","version":0,"__v":0,"createdAt":"2019-07-03T18:02:34.592Z","fileSize":143712,"license":"MISSING","licenseType":"zRIF","notes":"","prettySize":"140.3 KiB","productId":"EP9000-PCSF00352_00-DRAGONSSUMMITBND","updatedAt":"2020-05-22T20:16:40.179Z","url":"https://store.playstation.com/es-es/product/EP9000-PCSF00352_00-DRAGONSSUMMITBND"}	{}	true
{"strictMode":true,"selected":{},"getters":{},"_id":"5d1cedba22dada76d7150450","wasPopulated":false,"activePaths":{"paths":{"contentId":"init","titleId":"init","title":"init","platform":"init","category":"init","pkg":"init","minFw":"init","appVer":"init","status":"init","completionDate":"init","_id":"init","region":"init","version":"init","__v":"init","createdAt":"init","fileSize":"init","license":"init","licenseType":"init","notes":"init","prettySize":"init","productId":"init","updatedAt":"init","url":"init"},"states":{"ignore":{},"default":{},"init":{"_id":true,"category":true,"contentId":true,"minFw":true,"platform":true,"region":true,"titleId":true,"version":true,"__v":true,"appVer":true,"completionDate":true,"createdAt":true,"fileSize":true,"license":true,"licenseType":true,"notes":true,"pkg":true,"prettySize":true,"productId":true,"status":true,"title":true,"updatedAt":true,"url":true},"modify":{},"require":{}},"stateNames":["require","modify","init","default","ignore"]},"pathsToScopes":{},"cachedRequired":{},"session":null,"$setCalled":{},"emitter":{"_events":{},"_eventsCount":0,"_maxListeners":0},"$options":{"skipId":true,"isNew":false,"willInit":true}}	false		{"title":"Cumbre del dragón: pack de avatar y tema","platform":"PSV","category":"Avatar","pkg":"http://zeus.dl.playstation.net/cdn/EP9000/PCSF00352_00/MJYhhzQDXRFpZPyLQcazzNmbTxSyUAySCsSaLVpwUOJKTEROiDNMzPNZqyIjPjhT.pkg","minFw":0,"appVer":0,"status":"approved","completionDate":null,"_id":"5d1cedba22dada76d7150450","contentId":"EP9000-PCSF00352_00-AVDESTINYO000003","region":"EU","titleId":"PCSF00352","version":0,"__v":0,"createdAt":"2019-07-03T18:02:34.676Z","fileSize":130640,"license":"MISSING","licenseType":"zRIF","notes":"","prettySize":"127.6 KiB","productId":"EP9000-PCSF00352_00-DRAGONSSUMMITBND","updatedAt":"2020-05-22T20:16:40.060Z","url":"https://store.playstation.com/es-es/product/EP9000-PCSF00352_00-DRAGONSSUMMITBND"}	{}	true
{"strictMode":true,"selected":{},"getters":{},"_id":"5d1cedba22dada76d7150453","wasPopulated":false,"activePaths":{"paths":{"contentId":"init","titleId":"init","title":"init","platform":"init","category":"init","pkg":"init","minFw":"init","appVer":"init","status":"init","completionDate":"init","_id":"init","region":"init","version":"init","__v":"init","createdAt":"init","fileSize":"init","license":"init","licenseType":"init","notes":"init","prettySize":"init","productId":"init","updatedAt":"init","url":"init"},"states":{"ignore":{},"default":{},"init":{"_id":true,"category":true,"contentId":true,"minFw":true,"platform":true,"region":true,"titleId":true,"version":true,"__v":true,"appVer":true,"completionDate":true,"createdAt":true,"fileSize":true,"license":true,"licenseType":true,"notes":true,"pkg":true,"prettySize":true,"productId":true,"status":true,"title":true,"updatedAt":true,"url":true},"modify":{},"require":{}},"stateNames":["require","modify","init","default","ignore"]},"pathsToScopes":{},"cachedRequired":{},"session":null,"$setCalled":{},"emitter":{"_events":{},"_eventsCount":0,"_maxListeners":0},"$options":{"skipId":true,"isNew":false,"willInit":true}}	false		{"title":"Cumbre del dragón: pack de avatar y tema","platform":"PSV","category":"Avatar","pkg":"http://zeus.dl.playstation.net/cdn/EP9000/PCSF00352_00/SrGDygYqJKUSZUukEjAZnqNVURFFLHKQLQviRMmfgZkFnvyPDqdVEWTnNMTSkTUy.pkg","minFw":0,"appVer":0,"status":"approved","completionDate":null,"_id":"5d1cedba22dada76d7150453","contentId":"EP9000-PCSF00352_00-AVDESTINYO000002","region":"EU","titleId":"PCSF00352","version":0,"__v":0,"createdAt":"2019-07-03T18:02:34.761Z","fileSize":146080,"license":"MISSING","licenseType":"zRIF","notes":"","prettySize":"142.7 KiB","productId":"EP9000-PCSF00352_00-DRAGONSSUMMITBND","updatedAt":"2020-05-22T20:16:40.236Z","url":"https://store.playstation.com/es-es/product/EP9000-PCSF00352_00-DRAGONSSUMMITBND"}	{}	true
{"strictMode":true,"selected":{},"getters":{},"_id":"5d1cedba22dada76d7150456","wasPopulated":false,"activePaths":{"paths":{"contentId":"init","titleId":"init","title":"init","platform":"init","category":"init","pkg":"init","minFw":"init","appVer":"init","status":"init","completionDate":"init","_id":"init","region":"init","version":"init","__v":"init","createdAt":"init","fileSize":"init","license":"init","licenseType":"init","notes":"init","prettySize":"init","productId":"init","updatedAt":"init","url":"init"},"states":{"ignore":{},"default":{},"init":{"_id":true,"category":true,"contentId":true,"minFw":true,"platform":true,"region":true,"titleId":true,"version":true,"__v":true,"appVer":true,"completionDate":true,"createdAt":true,"fileSize":true,"license":true,"licenseType":true,"notes":true,"pkg":true,"prettySize":true,"productId":true,"status":true,"title":true,"updatedAt":true,"url":true},"modify":{},"require":{}},"stateNames":["require","modify","init","default","ignore"]},"pathsToScopes":{},"cachedRequired":{},"session":null,"$setCalled":{},"emitter":{"_events":{},"_eventsCount":0,"_maxListeners":0},"$options":{"skipId":true,"isNew":false,"willInit":true}}	false		{"title":"Cumbre del dragón: pack de avatar y tema","platform":"PSV","category":"Avatar","pkg":"http://zeus.dl.playstation.net/cdn/EP9000/PCSF00352_00/CZmxZDtayicPiiQOhFkJVKVOxsDhjvjAosjmfDsljEQfLtefkBYnrtYUMkXOEjXN.pkg","minFw":0,"appVer":0,"status":"approved","completionDate":null,"_id":"5d1cedba22dada76d7150456","contentId":"EP9000-PCSF00352_00-AVDESTINYO000001","region":"EU","titleId":"PCSF00352","version":0,"__v":0,"createdAt":"2019-07-03T18:02:34.843Z","fileSize":124176,"license":"MISSING","licenseType":"zRIF","notes":"","prettySize":"121.3 KiB","productId":"EP9000-PCSF00352_00-DRAGONSSUMMITBND","updatedAt":"2020-05-22T20:16:39.872Z","url":"https://store.playstation.com/es-es/product/EP9000-PCSF00352_00-DRAGONSSUMMITBND"}	{}	true
{"strictMode":true,"selected":{},"getters":{},"_id":"5d1cedba22dada76d7150459","wasPopulated":false,"activePaths":{"paths":{"contentId":"init","titleId":"init","title":"init","platform":"init","category":"init","pkg":"init","minFw":"init","appVer":"init","status":"init","completionDate":"init","_id":"init","region":"init","version":"init","__v":"init","createdAt":"init","fileSize":"init","license":"init","licenseType":"init","notes":"init","prettySize":"init","productId":"init","updatedAt":"init","url":"init"},"states":{"ignore":{},"default":{},"init":{"_id":true,"category":true,"contentId":true,"minFw":true,"platform":true,"region":true,"titleId":true,"version":true,"__v":true,"appVer":true,"completionDate":true,"createdAt":true,"fileSize":true,"license":true,"licenseType":true,"notes":true,"pkg":true,"prettySize":true,"productId":true,"status":true,"title":true,"updatedAt":true,"url":true},"modify":{},"require":{}},"stateNames":["require","modify","init","default","ignore"]},"pathsToScopes":{},"cachedRequired":{},"session":null,"$setCalled":{},"emitter":{"_events":{},"_eventsCount":0,"_maxListeners":0},"$options":{"skipId":true,"isNew":false,"willInit":true}}	false		{"title":"Doncellas guerreras: pack de avatar y tema","platform":"PSV","category":"Avatar","pkg":"http://zeus.dl.playstation.net/cdn/EP9000/PCSF00352_00/jjFXDEzQpdpFIKMvvfQNGgMwCMDAcPOCAaZdpiunzvgpRNEiaXxDsPLwIvtwKcwW.pkg","minFw":0,"appVer":0,"status":"approved","completionDate":null,"_id":"5d1cedba22dada76d7150459","contentId":"EP9000-PCSF00352_00-AVDESTINYO000019","region":"EU","titleId":"PCSF00352","version":0,"__v":0,"createdAt":"2019-07-03T18:02:34.925Z","fileSize":123056,"license":"MISSING","licenseType":"zRIF","notes":"","prettySize":"120.2 KiB","productId":"EP9000-PCSF00352_00-MAIDENSOFWARBNDL","updatedAt":"2020-05-22T20:16:39.962Z","url":"https://store.playstation.com/es-es/product/EP9000-PCSF00352_00-MAIDENSOFWARBNDL"}	{}	true
{"strictMode":true,"selected":{},"getters":{},"_id":"5d1cedbb22dada76d715045d","wasPopulated":false,"activePaths":{"paths":{"contentId":"init","titleId":"init","title":"init","platform":"init","category":"init","pkg":"init","minFw":"init","appVer":"init","status":"init","completionDate":"init","_id":"init","region":"init","version":"init","__v":"init","createdAt":"init","fileSize":"init","license":"init","licenseType":"init","notes":"init","prettySize":"init","productId":"init","updatedAt":"init","url":"init"},"states":{"ignore":{},"default":{},"init":{"_id":true,"category":true,"contentId":true,"minFw":true,"platform":true,"region":true,"titleId":true,"version":true,"__v":true,"appVer":true,"completionDate":true,"createdAt":true,"fileSize":true,"license":true,"licenseType":true,"notes":true,"pkg":true,"prettySize":true,"productId":true,"status":true,"title":true,"updatedAt":true,"url":true},"modify":{},"require":{}},"stateNames":["require","modify","init","default","ignore"]},"pathsToScopes":{},"cachedRequired":{},"session":null,"$setCalled":{},"emitter":{"_events":{},"_eventsCount":0,"_maxListeners":0},"$options":{"skipId":true,"isNew":false,"willInit":true}}	false		{"title":"Doncellas guerreras: pack de avatar y tema","platform":"PSV","category":"Avatar","pkg":"http://zeus.dl.playstation.net/cdn/EP9000/PCSF00352_00/JIHnJSVVrfTVsudVPcukVdooSrrFtScukcoimjqOaakaucWPtVlJbOVQcBncOXvm.pkg","minFw":0,"appVer":0,"status":"approved","completionDate":null,"_id":"5d1cedbb22dada76d715045d","contentId":"EP9000-PCSF00352_00-AVDESTINYO000018","region":"EU","titleId":"PCSF00352","version":0,"__v":0,"createdAt":"2019-07-03T18:02:35.035Z","fileSize":119728,"license":"MISSING","licenseType":"zRIF","notes":"","prettySize":"116.9 KiB","productId":"EP9000-PCSF00352_00-MAIDENSOFWARBNDL","updatedAt":"2020-05-22T20:16:40.180Z","url":"https://store.playstation.com/es-es/product/EP9000-PCSF00352_00-MAIDENSOFWARBNDL"}	{}	true
{"strictMode":true,"selected":{},"getters":{},"_id":"5d1cedbb22dada76d7150460","wasPopulated":false,"activePaths":{"paths":{"contentId":"init","titleId":"init","title":"init","platform":"init","category":"init","pkg":"init","minFw":"init","appVer":"init","status":"init","completionDate":"init","_id":"init","region":"init","version":"init","__v":"init","createdAt":"init","fileSize":"init","license":"init","licenseType":"init","notes":"init","prettySize":"init","productId":"init","updatedAt":"init","url":"init"},"states":{"ignore":{},"default":{},"init":{"_id":true,"category":true,"contentId":true,"minFw":true,"platform":true,"region":true,"titleId":true,"version":true,"__v":true,"appVer":true,"completionDate":true,"createdAt":true,"fileSize":true,"license":true,"licenseType":true,"notes":true,"pkg":true,"prettySize":true,"productId":true,"status":true,"title":true,"updatedAt":true,"url":true},"modify":{},"require":{}},"stateNames":["require","modify","init","default","ignore"]},"pathsToScopes":{},"cachedRequired":{},"session":null,"$setCalled":{},"emitter":{"_events":{},"_eventsCount":0,"_maxListeners":0},"$options":{"skipId":true,"isNew":false,"willInit":true}}	false		{"title":"Doncellas guerreras: pack de avatar y tema","platform":"PSV","category":"Avatar","pkg":"http://zeus.dl.playstation.net/cdn/EP9000/PCSF00352_00/aiazjRxlRmEXhcrmocrNCzMavWAorgSPkhwjQBeMQnDJcPPUwoZnvzSLBVHkXPKa.pkg","minFw":0,"appVer":0,"status":"approved","completionDate":null,"_id":"5d1cedbb22dada76d7150460","contentId":"EP9000-PCSF00352_00-AVDESTINYO000017","region":"EU","titleId":"PCSF00352","version":0,"__v":0,"createdAt":"2019-07-03T18:02:35.209Z","fileSize":133120,"license":"MISSING","licenseType":"zRIF","notes":"","prettySize":"130.0 KiB","productId":"EP9000-PCSF00352_00-MAIDENSOFWARBNDL","updatedAt":"2020-05-22T20:16:40.061Z","url":"https://store.playstation.com/es-es/product/EP9000-PCSF00352_00-MAIDENSOFWARBNDL"}	{}	true
{"strictMode":true,"selected":{},"getters":{},"_id":"5d1cedbb22dada76d7150463","wasPopulated":false,"activePaths":{"paths":{"contentId":"init","titleId":"init","title":"init","platform":"init","category":"init","pkg":"init","minFw":"init","appVer":"init","status":"init","completionDate":"init","_id":"init","region":"init","version":"init","__v":"init","createdAt":"init","fileSize":"init","license":"init","licenseType":"init","notes":"init","prettySize":"init","productId":"init","updatedAt":"init","url":"init"},"states":{"ignore":{},"default":{},"init":{"_id":true,"category":true,"contentId":true,"minFw":true,"platform":true,"region":true,"titleId":true,"version":true,"__v":true,"appVer":true,"completionDate":true,"createdAt":true,"fileSize":true,"license":true,"licenseType":true,"notes":true,"pkg":true,"prettySize":true,"productId":true,"status":true,"title":true,"updatedAt":true,"url":true},"modify":{},"require":{}},"stateNames":["require","modify","init","default","ignore"]},"pathsToScopes":{},"cachedRequired":{},"session":null,"$setCalled":{},"emitter":{"_events":{},"_eventsCount":0,"_maxListeners":0},"$options":{"skipId":true,"isNew":false,"willInit":true}}	false		{"title":"Doncellas guerreras: pack de avatar y tema","platform":"PSV","category":"Avatar","pkg":"http://zeus.dl.playstation.net/cdn/EP9000/PCSF00352_00/aedjhjiBsRghfKbWnUkrvZuXUmBQLVsatIKGVfZmXDQRxJWPgeqRPmbdRZdRWSjp.pkg","minFw":0,"appVer":0,"status":"approved","completionDate":null,"_id":"5d1cedbb22dada76d7150463","contentId":"EP9000-PCSF00352_00-AVDESTINYO000016","region":"EU","titleId":"PCSF00352","version":0,"__v":0,"createdAt":"2019-07-03T18:02:35.212Z","fileSize":128080,"license":"MISSING","licenseType":"zRIF","notes":"","prettySize":"125.1 KiB","productId":"EP9000-PCSF00352_00-MAIDENSOFWARBNDL","updatedAt":"2020-05-22T20:16:40.237Z","url":"https://store.playstation.com/es-es/product/EP9000-PCSF00352_00-MAIDENSOFWARBNDL"}	{}	true
{"strictMode":true,"selected":{},"getters":{},"_id":"5d1cedbb22dada76d7150467","wasPopulated":false,"activePaths":{"paths":{"contentId":"init","titleId":"init","title":"init","platform":"init","category":"init","pkg":"init","minFw":"init","appVer":"init","status":"init","completionDate":"init","_id":"init","region":"init","version":"init","__v":"init","createdAt":"init","fileSize":"init","license":"init","licenseType":"init","notes":"init","prettySize":"init","productId":"init","updatedAt":"init","url":"init"},"states":{"ignore":{},"default":{},"init":{"_id":true,"category":true,"contentId":true,"minFw":true,"platform":true,"region":true,"titleId":true,"version":true,"__v":true,"appVer":true,"completionDate":true,"createdAt":true,"fileSize":true,"license":true,"licenseType":true,"notes":true,"pkg":true,"prettySize":true,"productId":true,"status":true,"title":true,"updatedAt":true,"url":true},"modify":{},"require":{}},"stateNames":["require","modify","init","default","ignore"]},"pathsToScopes":{},"cachedRequired":{},"session":null,"$setCalled":{},"emitter":{"_events":{},"_eventsCount":0,"_maxListeners":0},"$options":{"skipId":true,"isNew":false,"willInit":true}}	false		{"title":"Amigo en apuros: pack de avatar y tema","platform":"PSV","category":"Avatar","pkg":"http://zeus.dl.playstation.net/cdn/EP9000/PCSF00352_00/ILZXNVPNsbVabvcUtyQXpemubGZifdsHIQMjzbsyxvVWKFRQxtIybzDZOPwAAVFN.pkg","minFw":0,"appVer":0,"status":"approved","completionDate":null,"_id":"5d1cedbb22dada76d7150467","contentId":"EP9000-PCSF00352_00-AVDESTINYO000011","region":"EU","titleId":"PCSF00352","version":0,"__v":0,"createdAt":"2019-07-03T18:02:35.291Z","fileSize":123904,"license":"MISSING","licenseType":"zRIF","notes":"","prettySize":"121.0 KiB","productId":"EP9000-PCSF00352_00-FRIENDINNEEDBNDL","updatedAt":"2020-05-22T20:16:39.873Z","url":"https://store.playstation.com/es-es/product/EP9000-PCSF00352_00-FRIENDINNEEDBNDL"}	{}	true
{"strictMode":true,"selected":{},"getters":{},"_id":"5d1cedbb22dada76d7150469","wasPopulated":false,"activePaths":{"paths":{"contentId":"init","titleId":"init","title":"init","platform":"init","category":"init","pkg":"init","minFw":"init","appVer":"init","status":"init","completionDate":"init","_id":"init","region":"init","version":"init","__v":"init","createdAt":"init","fileSize":"init","license":"init","licenseType":"init","notes":"init","prettySize":"init","productId":"init","updatedAt":"init","url":"init"},"states":{"ignore":{},"default":{},"init":{"_id":true,"category":true,"contentId":true,"minFw":true,"platform":true,"region":true,"titleId":true,"version":true,"__v":true,"appVer":true,"completionDate":true,"createdAt":true,"fileSize":true,"license":true,"licenseType":true,"notes":true,"pkg":true,"prettySize":true,"productId":true,"status":true,"title":true,"updatedAt":true,"url":true},"modify":{},"require":{}},"stateNames":["require","modify","init","default","ignore"]},"pathsToScopes":{},"cachedRequired":{},"session":null,"$setCalled":{},"emitter":{"_events":{},"_eventsCount":0,"_maxListeners":0},"$options":{"skipId":true,"isNew":false,"willInit":true}}	false		{"title":"Amigo en apuros: pack de avatar y tema","platform":"PSV","category":"Avatar","pkg":"http://zeus.dl.playstation.net/cdn/EP9000/PCSF00352_00/JaiPZIDFNYNqVTydeEbeSqbDjFLXPjuPuCOaMemYuSWBYbDbOlnGBdXKlRKtgJwN.pkg","minFw":0,"appVer":0,"status":"approved","completionDate":null,"_id":"5d1cedbb22dada76d7150469","contentId":"EP9000-PCSF00352_00-AVDESTINYO000010","region":"EU","titleId":"PCSF00352","version":0,"__v":0,"createdAt":"2019-07-03T18:02:35.292Z","fileSize":123328,"license":"MISSING","licenseType":"zRIF","notes":"","prettySize":"120.4 KiB","productId":"EP9000-PCSF00352_00-FRIENDINNEEDBNDL","updatedAt":"2020-05-22T20:16:39.964Z","url":"https://store.playstation.com/es-es/product/EP9000-PCSF00352_00-FRIENDINNEEDBNDL"}	{}	true
{"strictMode":true,"selected":{},"getters":{},"_id":"5d1cedbb22dada76d715046d","wasPopulated":false,"activePaths":{"paths":{"contentId":"init","titleId":"init","title":"init","platform":"init","category":"init","pkg":"init","minFw":"init","appVer":"init","status":"init","completionDate":"init","_id":"init","region":"init","version":"init","__v":"init","createdAt":"init","fileSize":"init","license":"init","licenseType":"init","notes":"init","prettySize":"init","productId":"init","updatedAt":"init","url":"init"},"states":{"ignore":{},"default":{},"init":{"_id":true,"category":true,"contentId":true,"minFw":true,"platform":true,"region":true,"titleId":true,"version":true,"__v":true,"appVer":true,"completionDate":true,"createdAt":true,"fileSize":true,"license":true,"licenseType":true,"notes":true,"pkg":true,"prettySize":true,"productId":true,"status":true,"title":true,"updatedAt":true,"url":true},"modify":{},"require":{}},"stateNames":["require","modify","init","default","ignore"]},"pathsToScopes":{},"cachedRequired":{},"session":null,"$setCalled":{},"emitter":{"_events":{},"_eventsCount":0,"_maxListeners":0},"$options":{"skipId":true,"isNew":false,"willInit":true}}	false		{"title":"Doncellas guerreras: pack de avatar y tema","platform":"PSV","category":"Avatar","pkg":"http://zeus.dl.playstation.net/cdn/EP9000/PCSF00352_00/qNbySiVESoVJRbFgvqXaiabgVzxUujrVZHCbHoYogkNengOLlfQvGXjeBycFedxC.pkg","minFw":0,"appVer":0,"status":"approved","completionDate":null,"_id":"5d1cedbb22dada76d715046d","contentId":"EP9000-PCSF00352_00-AVDESTINYO000015","region":"EU","titleId":"PCSF00352","version":0,"__v":0,"createdAt":"2019-07-03T18:02:35.401Z","fileSize":147280,"license":"MISSING","licenseType":"zRIF","notes":"","prettySize":"143.8 KiB","productId":"EP9000-PCSF00352_00-MAIDENSOFWARBNDL","updatedAt":"2020-05-22T20:16:40.181Z","url":"https://store.playstation.com/es-es/product/EP9000-PCSF00352_00-MAIDENSOFWARBNDL"}	{}	true
{"strictMode":true,"selected":{},"getters":{},"_id":"5d1cedbb22dada76d7150470","wasPopulated":false,"activePaths":{"paths":{"contentId":"init","titleId":"init","title":"init","platform":"init","category":"init","pkg":"init","minFw":"init","appVer":"init","status":"init","completionDate":"init","_id":"init","region":"init","version":"init","__v":"init","createdAt":"init","fileSize":"init","license":"init","licenseType":"init","notes":"init","prettySize":"init","productId":"init","updatedAt":"init","url":"init"},"states":{"ignore":{},"default":{},"init":{"_id":true,"category":true,"contentId":true,"minFw":true,"platform":true,"region":true,"titleId":true,"version":true,"__v":true,"appVer":true,"completionDate":true,"createdAt":true,"fileSize":true,"license":true,"licenseType":true,"notes":true,"pkg":true,"prettySize":true,"productId":true,"status":true,"title":true,"updatedAt":true,"url":true},"modify":{},"require":{}},"stateNames":["require","modify","init","default","ignore"]},"pathsToScopes":{},"cachedRequired":{},"session":null,"$setCalled":{},"emitter":{"_events":{},"_eventsCount":0,"_maxListeners":0},"$options":{"skipId":true,"isNew":false,"willInit":true}}	false		{"title":"Amigo en apuros: pack de avatar y tema","platform":"PSV","category":"Avatar","pkg":"http://zeus.dl.playstation.net/cdn/EP9000/PCSF00352_00/IGImyQkhZiYuVygUqgDBmnMUJArBHAYjaidegXZLnBNuqrrgSccHOwBCtLofpvce.pkg","minFw":0,"appVer":0,"status":"approved","completionDate":null,"_id":"5d1cedbb22dada76d7150470","contentId":"EP9000-PCSF00352_00-AVDESTINYO000014","region":"EU","titleId":"PCSF00352","version":0,"__v":0,"createdAt":"2019-07-03T18:02:35.405Z","fileSize":147152,"license":"MISSING","licenseType":"zRIF","notes":"","prettySize":"143.7 KiB","productId":"EP9000-PCSF00352_00-FRIENDINNEEDBNDL","updatedAt":"2020-05-22T20:16:40.062Z","url":"https://store.playstation.com/es-es/product/EP9000-PCSF00352_00-FRIENDINNEEDBNDL"}	{}	true
{"strictMode":true,"selected":{},"getters":{},"_id":"5d1cedbb22dada76d7150473","wasPopulated":false,"activePaths":{"paths":{"contentId":"init","titleId":"init","title":"init","platform":"init","category":"init","pkg":"init","minFw":"init","appVer":"init","status":"init","completionDate":"init","_id":"init","region":"init","version":"init","__v":"init","createdAt":"init","fileSize":"init","license":"init","licenseType":"init","notes":"init","prettySize":"init","productId":"init","updatedAt":"init","url":"init"},"states":{"ignore":{},"default":{},"init":{"_id":true,"category":true,"contentId":true,"minFw":true,"platform":true,"region":true,"titleId":true,"version":true,"__v":true,"appVer":true,"completionDate":true,"createdAt":true,"fileSize":true,"license":true,"licenseType":true,"notes":true,"pkg":true,"prettySize":true,"productId":true,"status":true,"title":true,"updatedAt":true,"url":true},"modify":{},"require":{}},"stateNames":["require","modify","init","default","ignore"]},"pathsToScopes":{},"cachedRequired":{},"session":null,"$setCalled":{},"emitter":{"_events":{},"_eventsCount":0,"_maxListeners":0},"$options":{"skipId":true,"isNew":false,"willInit":true}}	false		{"title":"Amigo en apuros: pack de avatar y tema","platform":"PSV","category":"Avatar","pkg":"http://zeus.dl.playstation.net/cdn/EP9000/PCSF00352_00/AdhPDQuIJPfzTPfjuHoEhCyMplyCgPgDyEeOYFLDKCvOzbcUXQZgDdKeoOpxfrAO.pkg","minFw":0,"appVer":0,"status":"approved","completionDate":null,"_id":"5d1cedbb22dada76d7150473","contentId":"EP9000-PCSF00352_00-AVDESTINYO000013","region":"EU","titleId":"PCSF00352","version":0,"__v":0,"createdAt":"2019-07-03T18:02:35.519Z","fileSize":115072,"license":"MISSING","licenseType":"zRIF","notes":"","prettySize":"112.4 KiB","productId":"EP9000-PCSF00352_00-FRIENDINNEEDBNDL","updatedAt":"2020-05-22T20:16:40.238Z","url":"https://store.playstation.com/es-es/product/EP9000-PCSF00352_00-FRIENDINNEEDBNDL"}	{}	true
{"strictMode":true,"selected":{},"getters":{},"_id":"5d1cedbb22dada76d7150476","wasPopulated":false,"activePaths":{"paths":{"contentId":"init","titleId":"init","title":"init","platform":"init","category":"init","pkg":"init","minFw":"init","appVer":"init","status":"init","completionDate":"init","_id":"init","region":"init","version":"init","__v":"init","createdAt":"init","fileSize":"init","license":"init","licenseType":"init","notes":"init","prettySize":"init","productId":"init","updatedAt":"init","url":"init"},"states":{"ignore":{},"default":{},"init":{"_id":true,"category":true,"contentId":true,"minFw":true,"platform":true,"region":true,"titleId":true,"version":true,"__v":true,"appVer":true,"completionDate":true,"createdAt":true,"fileSize":true,"license":true,"licenseType":true,"notes":true,"pkg":true,"prettySize":true,"productId":true,"status":true,"title":true,"updatedAt":true,"url":true},"modify":{},"require":{}},"stateNames":["require","modify","init","default","ignore"]},"pathsToScopes":{},"cachedRequired":{},"session":null,"$setCalled":{},"emitter":{"_events":{},"_eventsCount":0,"_maxListeners":0},"$options":{"skipId":true,"isNew":false,"willInit":true}}	false		{"title":"Amigo en apuros: pack de avatar y tema","platform":"PSV","category":"Avatar","pkg":"http://zeus.dl.playstation.net/cdn/EP9000/PCSF00352_00/AOSdxjwXhzkmGqPSAvrSnAnNDPLGHvRNWZAdrtWwLVxxsCqkmHgusXCKLVgTCcwB.pkg","minFw":0,"appVer":0,"status":"approved","completionDate":null,"_id":"5d1cedbb22dada76d7150476","contentId":"EP9000-PCSF00352_00-AVDESTINYO000012","region":"EU","titleId":"PCSF00352","version":0,"__v":0,"createdAt":"2019-07-03T18:02:35.526Z","fileSize":127296,"license":"MISSING","licenseType":"zRIF","notes":"","prettySize":"124.3 KiB","productId":"EP9000-PCSF00352_00-FRIENDINNEEDBNDL","updatedAt":"2020-05-22T20:16:39.874Z","url":"https://store.playstation.com/es-es/product/EP9000-PCSF00352_00-FRIENDINNEEDBNDL"}	{}	true
{"strictMode":true,"selected":{},"getters":{},"_id":"5e3ee4d798fe9c2192c6d441","wasPopulated":false,"activePaths":{"paths":{"contentId":"init","titleId":"init","title":"init","platform":"init","category":"init","pkg":"init","minFw":"init","appVer":"init","status":"init","completionDate":"init","_id":"init","region":"init","version":"init","__v":"init","createdAt":"init","fileSize":"init","license":"init","licenseType":"init","notes":"init","prettySize":"init","updatedAt":"init"},"states":{"ignore":{},"default":{},"init":{"_id":true,"category":true,"contentId":true,"minFw":true,"platform":true,"region":true,"titleId":true,"version":true,"__v":true,"appVer":true,"completionDate":true,"createdAt":true,"fileSize":true,"license":true,"licenseType":true,"notes":true,"pkg":true,"prettySize":true,"status":true,"title":true,"updatedAt":true},"modify":{},"require":{}},"stateNames":["require","modify","init","default","ignore"]},"pathsToScopes":{},"cachedRequired":{},"session":null,"$setCalled":{},"emitter":{"_events":{},"_eventsCount":0,"_maxListeners":0},"$options":{"skipId":true,"isNew":false,"willInit":true}}	false		{"title":"Tales from Space: Mutant Blobs Attack Truckin  Blob Avatar","platform":"PSV","category":"Avatar","pkg":"http://zeus.dl.playstation.net/cdn/UP2045/PCSE00034_00/shVFkPlRXlYZFUIkRVnUqKUqSYWCkQOFYJIsWVliKyGStXyumbHfsICWjLUpWasE.pkg","minFw":0,"appVer":0,"status":"approved","completionDate":"2020-05-22T20:16:40.239Z","_id":"5e3ee4d798fe9c2192c6d441","contentId":"UP2045-PCSE00034_00-UATALESFRO000002","region":"US","titleId":"PCSE00034","version":0,"__v":0,"createdAt":"2020-02-08T16:41:59.562Z","fileSize":102400,"license":"a16dce0dfb7919ff320ab9c9f33eecf4","licenseType":"zRIF","notes":"","prettySize":"100.0 KiB","updatedAt":"2020-05-22T20:16:40.239Z"}	{}	true